utility,special
research,special
ngo,special
government,special
foundation,special
weather_station,special
shrine,special
civic,special
chapel,special
veterinary,special
townhall,special
prison,special
place_of_worship,special
laboratory,special
fire_station,special
police,special
dentist,special
doctors,special
studio,special
clinic,special
childcare,special
courthouse,special
grave_yard,special
health_post,special
hospital,special
student_union,school
educational_institution,school
alumni_affairs,school
university,school
school,school
research_institute,school
prep_school,school
library,school
lecture_hall,school
kindergarten,school
college,school
train_station,transport
pedicab_terminal,transport
taxi,transport
pedicab,transport
terminal,transport
bicycle_rental,transport
bus_station,transport
air_filling,transport
bicycle_parking,transport
parking_space,transport
parking,commercial
motorcycle_taxi,transport
motorcycle_parking,transport
telecommunication,commercial
travel_agent,commercial
security,commercial
newspaper,commercial
it,commercial
financial,commercial
estate_agent,commercial
courier,commercial
company,commercial
consulting,commercial
cable_television,commercial
administrative,commercial
vending_machine,commercial
farm_auxiliary,commercial
greenhouse,commercial
warehouse,commercial
supermarket,commercial
retail,commercial
office,commercial
industrial,commercial
garages,commercial
garage,commercial
commercial,commercial
clubhouse,commercial
theatre,commercial
restaurant,commercial
money_transfer,commercial
marketplace,commercial
karaoke_box,commercial
internet_cafe,commercial
ice_cream,commercial
bar,commercial
car_wash,commercial
events_venue,commercial
food_court,commercial
fuel,commercial
fast_food,commercial
pharmacy,commercial
bank,commercial
atm,commercial
pub,commercial
cafe,commercial
gambling,commercial
bureau_de_change,commercial
public,miscellaneous
guardhouse,miscellaneous
telephone,miscellaneous
social_facility,miscellaneous
security_booth,miscellaneous
recycling,miscellaneous
post_office,miscellaneous
post_box,miscellaneous
hut,miscellaneous
community_centre,miscellaneous
conference_centre,miscellaneous
computer,miscellaneous
toilets,miscellaneous
bench,miscellaneous
waste_basket,miscellaneous
fountain,miscellaneous
auditorium,miscellaneous
residential,residential
house,residential
detached,residential
dormitory,residential
shelter,residential
apartments,residential
