age,house_id,workSchool_id,waitingTolerance,distanceTolerance,transportation_preference,unruliness,jaywalking,speed,allelomimetic
38,1360,1315,43,1.5814915456373149,0.32,0.22,0.86,0.01992,0.13
36,7255,1372,26,2.458500493672553,0.3,0.52,0.84,0.01992,0.01
50,7289,159,60,1.5239827621595943,0.49,0.5,0.81,0.0197,0.05
47,7814,3189,30,1.8402810712870574,0.31,0.62,0.9,0.02027,0.18
34,1400,5316,20,1.9840530299813588,0.42,0.48,0.88,0.01992,0.03
50,10122,5958,24,2.1853337721533808,0.3,0.61,0.89,0.0197,0.12
27,10639,352,34,2.4728776895419835,0.46,0.32,0.85,0.01941,0.15
61,7712,941,39,2.8323075862777367,0.4,0.12,0.88,0.01854,0.07
28,1529,999,39,1.595868741506745,0.35,0.6,0.88,0.01941,0.02
50,9052,3274,26,1.9552986382424984,0.43,0.11,0.85,0.0197,0.05
73,6407,1727,44,2.559140864758564,0.37,0.18,0.86,0.01719,0.2
26,10017,348,24,2.544763668889134,0.34,0.31,0.81,0.01941,0.09
57,6813,9957,60,1.4520967828124436,0.5,0.36,0.9,0.0197,0.0
32,6609,977,30,2.5878952564974242,0.38,0.68,0.89,0.01992,0.15
46,7277,321,34,2.329105730847682,0.44,0.11,0.89,0.02027,0.03
42,3450,898,30,1.8977898547647778,0.31,0.1,0.83,0.02027,0.04
22,2448,1025,57,1.8690354630259176,0.48,0.67,0.82,0.01941,0.14
72,1498,591,29,2.199710968022811,0.43,0.48,0.86,0.01719,0.2
35,9018,849,51,1.5096055662901642,0.48,0.6,0.81,0.01992,0.17
32,3059,9665,38,2.8035531945388765,0.37,0.41,0.89,0.01992,0.06
23,3732,47,59,2.645404039975145,0.34,0.26,0.88,0.01941,0.09
64,10232,1002,20,1.696509112592756,0.35,0.26,0.9,0.01854,0.15
48,10585,1088,47,1.811526679548197,0.39,0.55,0.83,0.02027,0.07
44,10278,850,33,1.5239827621595943,0.43,0.36,0.85,0.02027,0.04
46,7816,819,54,2.544763668889134,0.4,0.17,0.86,0.02027,0.14
37,10094,781,27,2.3866145143254025,0.48,0.42,0.81,0.01992,0.18
63,1513,341,20,1.7827722878093368,0.48,0.46,0.88,0.01854,0.18
64,10499,849,26,2.875439173886027,0.43,0.1,0.9,0.01854,0.04
44,5358,410,50,2.0128074217202188,0.44,0.29,0.87,0.02027,0.08
51,6835,912,30,2.15657938041452,0.34,0.1,0.86,0.0197,0.03
43,3198,1121,35,2.1709565762839507,0.47,0.69,0.86,0.02027,0.09
31,10427,822,42,2.7029128234528654,0.42,0.69,0.87,0.01992,0.07
45,1396,4221,51,2.659781235844575,0.48,0.25,0.82,0.02027,0.02
35,10523,1135,39,2.12782498867566,0.5,0.38,0.82,0.01992,0.19
30,1382,458,30,1.5527371538984547,0.44,0.41,0.87,0.01992,0.15
48,5311,9134,34,1.480851174551304,0.39,0.53,0.85,0.02027,0.03
21,2645,1049,42,1.8977898547647778,0.47,0.67,0.83,0.01941,0.11
39,5883,949,57,2.7316672151917256,0.39,0.44,0.87,0.01992,0.13
15,2517,5863,39,1.9552986382424984,0.35,0.42,0.8,0.01941,0.13
18,10294,3791,30,2.3578601225865423,0.47,0.55,0.87,0.01941,0.09
61,10488,55,56,1.5814915456373149,0.45,0.42,0.81,0.01854,0.0
29,10425,327,47,2.242842555631101,0.44,0.47,0.82,0.01941,0.02
36,10715,7044,41,1.6533775249844656,0.43,0.59,0.85,0.01992,0.09
28,507,2328,31,2.559140864758564,0.39,0.45,0.86,0.01941,0.13
35,10728,684,49,1.682131916723326,0.46,0.14,0.86,0.01992,0.19
15,6674,1168,57,1.696509112592756,0.48,0.56,0.89,0.01941,0.01
37,5306,5363,25,1.8977898547647778,0.38,0.12,0.88,0.01992,0.17
47,1517,5917,50,2.1853337721533808,0.35,0.18,0.83,0.02027,0.16
34,10256,802,58,2.5016320812808437,0.34,0.53,0.88,0.01992,0.03
39,4328,988,41,1.7540178960704764,0.31,0.67,0.89,0.01992,0.03
24,10320,10210,43,1.5527371538984547,0.4,0.39,0.88,0.01941,0.07
54,7255,588,51,2.861061978016597,0.34,0.1,0.87,0.0197,0.16
39,7136,1097,36,1.9696758341119285,0.33,0.56,0.88,0.01992,0.01
66,10398,181,51,2.0271846175896493,0.35,0.19,0.82,0.01854,0.13
26,1363,1028,46,2.329105730847682,0.4,0.35,0.86,0.01941,0.1
45,10486,1278,37,1.912167050634208,0.42,0.29,0.81,0.02027,0.15
19,10432,4203,34,1.5671143497678848,0.49,0.67,0.86,0.01941,0.08
40,1341,670,35,1.6533775249844656,0.43,0.16,0.84,0.02027,0.03
30,3054,188,55,1.4520967828124436,0.48,0.14,0.89,0.01992,0.15
70,10559,826,28,2.7747988028000163,0.33,0.45,0.9,0.01719,0.08
40,9012,2791,44,2.7891759986694464,0.42,0.21,0.85,0.02027,0.0
50,3747,696,48,2.5878952564974242,0.5,0.52,0.81,0.0197,0.13
17,10347,8962,52,1.7396407002010463,0.35,0.52,0.89,0.01941,0.11
54,1207,308,53,1.9984302258507889,0.42,0.67,0.89,0.0197,0.06
31,10352,10471,58,1.5239827621595943,0.48,0.32,0.85,0.01992,0.02
42,10165,2877,20,1.825903875417627,0.48,0.56,0.85,0.02027,0.13
44,7279,803,56,2.3434829267171122,0.4,0.37,0.87,0.02027,0.03
41,5623,10207,34,1.8402810712870574,0.43,0.51,0.8,0.02027,0.0
15,7384,772,27,2.12782498867566,0.4,0.36,0.85,0.01941,0.06
34,7814,502,28,1.7108863084621861,0.39,0.5,0.83,0.01992,0.13
27,7760,116,31,2.631026844105715,0.34,0.16,0.87,0.01941,0.04
22,10341,2350,27,2.2715969473699613,0.4,0.46,0.86,0.01941,0.03
19,1517,4213,42,1.6533775249844656,0.44,0.56,0.9,0.01941,0.2
43,7204,141,40,1.5671143497678848,0.46,0.12,0.89,0.02027,0.17
37,2656,1102,51,1.5814915456373149,0.44,0.47,0.84,0.01992,0.11
63,5690,484,50,1.6102459373761753,0.49,0.22,0.83,0.01854,0.12
66,3719,363,42,2.559140864758564,0.39,0.36,0.84,0.01854,0.16
44,1488,4357,58,2.2572197515005312,0.37,0.46,0.85,0.02027,0.09
40,9989,990,40,1.6390003291150355,0.32,0.62,0.89,0.02027,0.02
41,10460,50,42,2.1709565762839507,0.45,0.41,0.88,0.02027,0.17
21,7450,305,23,2.7316672151917256,0.4,0.13,0.81,0.01941,0.11
54,1255,1804,30,2.875439173886027,0.44,0.63,0.87,0.0197,0.01
18,6809,1167,41,1.7108863084621861,0.46,0.67,0.85,0.01941,0.12
20,8893,1027,32,2.228465359761671,0.42,0.42,0.85,0.01941,0.12
49,5615,1074,36,1.5383599580290246,0.45,0.21,0.88,0.02027,0.13
16,9578,5433,35,2.329105730847682,0.37,0.58,0.85,0.01941,0.17
28,7716,1427,50,1.682131916723326,0.38,0.26,0.83,0.01941,0.2
33,8992,1030,32,2.760421606930586,0.47,0.13,0.88,0.01992,0.02
23,1304,835,47,2.573518060627994,0.31,0.48,0.89,0.01941,0.09
22,1359,9665,28,2.8035531945388765,0.31,0.27,0.85,0.01941,0.19
44,10662,878,48,1.6533775249844656,0.39,0.64,0.86,0.02027,0.01
18,2813,2665,32,2.544763668889134,0.39,0.56,0.89,0.01941,0.04
27,1641,80,24,2.3434829267171122,0.43,0.68,0.83,0.01941,0.18
61,10700,1033,40,1.8834126588953477,0.47,0.3,0.89,0.01854,0.2
48,10706,1727,53,1.5814915456373149,0.44,0.27,0.86,0.02027,0.13
37,10200,3170,22,2.861061978016597,0.35,0.28,0.88,0.01992,0.12
43,10674,364,60,2.645404039975145,0.37,0.47,0.85,0.02027,0.04
35,10360,810,56,2.0703162051979396,0.38,0.61,0.82,0.01992,0.11
19,4179,1218,20,1.825903875417627,0.47,0.32,0.83,0.01941,0.19
66,6871,1110,32,2.4153689060642627,0.38,0.2,0.86,0.01854,0.06
26,10461,470,49,1.4377195869430135,0.31,0.2,0.83,0.01941,0.13
40,7278,3603,59,2.7747988028000163,0.47,0.52,0.88,0.02027,0.17
69,9809,5917,42,1.9984302258507889,0.43,0.25,0.8,0.01854,0.04
42,10294,1291,41,2.7316672151917256,0.45,0.4,0.82,0.02027,0.02
42,6558,333,57,1.5527371538984547,0.32,0.19,0.89,0.02027,0.14
66,10090,482,21,2.458500493672553,0.47,0.45,0.89,0.01854,0.07
29,4179,151,56,2.6885356275834353,0.42,0.29,0.86,0.01941,0.13
35,6624,859,58,1.5814915456373149,0.48,0.61,0.81,0.01992,0.18
17,10450,2741,22,1.495228370420734,0.46,0.65,0.89,0.01941,0.19
26,7297,3602,35,1.912167050634208,0.42,0.26,0.81,0.01941,0.13
39,9007,1000,60,1.912167050634208,0.46,0.61,0.81,0.01992,0.19
38,10054,600,28,1.6533775249844656,0.33,0.42,0.82,0.01992,0.11
31,3076,460,52,1.682131916723326,0.5,0.13,0.84,0.01992,0.17
40,6614,468,23,1.912167050634208,0.33,0.39,0.83,0.02027,0.05
22,666,1770,30,2.4872548854114136,0.48,0.52,0.83,0.01941,0.04
16,10708,3527,36,2.861061978016597,0.41,0.22,0.85,0.01941,0.15
40,7277,908,34,1.7827722878093368,0.4,0.1,0.89,0.02027,0.15
24,2524,2534,36,2.7747988028000163,0.38,0.26,0.82,0.01941,0.15
29,10245,986,47,2.8035531945388765,0.32,0.48,0.89,0.01941,0.14
15,5634,3787,24,2.645404039975145,0.49,0.46,0.82,0.01941,0.15
59,10018,930,47,2.6741584317140052,0.31,0.1,0.83,0.0197,0.08
47,3604,670,31,1.797149483678767,0.34,0.5,0.81,0.02027,0.05
22,6620,675,48,1.9409214423730683,0.46,0.48,0.89,0.01941,0.03
20,10324,985,54,2.645404039975145,0.5,0.32,0.87,0.01941,0.13
38,10563,911,56,2.12782498867566,0.39,0.59,0.83,0.01992,0.08
62,8124,941,32,2.7891759986694464,0.4,0.14,0.9,0.01854,0.19
31,6801,301,53,1.7396407002010463,0.41,0.48,0.89,0.01992,0.06
41,2175,81,21,2.573518060627994,0.32,0.52,0.89,0.02027,0.01
48,2455,1135,39,2.8179303904083066,0.39,0.26,0.84,0.02027,0.09
35,10540,527,59,1.8402810712870574,0.44,0.27,0.87,0.01992,0.14
37,10277,1464,39,2.429746101933693,0.43,0.14,0.83,0.01992,0.06
15,1275,5221,42,2.2572197515005312,0.32,0.26,0.9,0.01941,0.19
47,5523,419,53,2.15657938041452,0.42,0.46,0.86,0.02027,0.17
25,10659,1062,43,2.0990705969367998,0.49,0.33,0.82,0.01941,0.11
36,3751,711,36,2.444123297803123,0.4,0.4,0.86,0.01992,0.11
52,1381,799,32,1.4520967828124436,0.38,0.64,0.86,0.0197,0.03
19,6615,8934,50,2.4153689060642627,0.36,0.34,0.83,0.01941,0.12
16,8874,2770,40,2.5016320812808437,0.46,0.41,0.89,0.01941,0.17
24,10269,10471,58,2.0846934010673697,0.43,0.55,0.89,0.01941,0.05
58,10464,878,48,2.7747988028000163,0.33,0.35,0.9,0.0197,0.2
20,10351,539,39,1.797149483678767,0.5,0.5,0.83,0.01941,0.16
26,3450,2644,34,2.3003513391088215,0.35,0.57,0.85,0.01941,0.16
19,10167,3936,56,2.2572197515005312,0.5,0.4,0.87,0.01941,0.06
16,10327,1292,56,1.9265442465036382,0.36,0.47,0.81,0.01941,0.13
28,2597,1069,57,1.595868741506745,0.39,0.24,0.81,0.01941,0.03
28,7807,1141,30,1.8834126588953477,0.32,0.39,0.87,0.01941,0.18
54,7396,989,41,2.1709565762839507,0.42,0.42,0.81,0.0197,0.01
15,3741,3205,20,2.11344779280623,0.47,0.45,0.84,0.01941,0.01
38,10642,1397,37,1.8402810712870574,0.47,0.46,0.81,0.01992,0.11
37,9855,1084,51,2.7029128234528654,0.37,0.15,0.85,0.01992,0.17
21,7245,866,51,1.4520967828124436,0.45,0.4,0.82,0.01941,0.19
35,10385,1258,42,1.8690354630259176,0.41,0.43,0.81,0.01992,0.05
24,5358,1104,26,1.7252635043316162,0.43,0.35,0.84,0.01941,0.02
17,5410,8941,45,1.8834126588953477,0.36,0.45,0.87,0.01941,0.16
26,1854,338,39,1.8690354630259176,0.35,0.49,0.83,0.01941,0.05
21,7243,2891,29,2.242842555631101,0.34,0.66,0.85,0.01941,0.15
53,1275,8917,48,2.0990705969367998,0.49,0.22,0.84,0.0197,0.06
22,8982,341,29,2.846684782147167,0.36,0.43,0.81,0.01941,0.2
50,10545,860,51,2.3147285349782516,0.34,0.6,0.83,0.0197,0.18
29,7298,5406,48,1.495228370420734,0.32,0.61,0.82,0.01941,0.16
44,1471,16,60,2.875439173886027,0.33,0.53,0.85,0.02027,0.06
25,10325,1084,35,1.9696758341119285,0.36,0.21,0.84,0.01941,0.14
59,9860,525,44,1.797149483678767,0.36,0.59,0.83,0.0197,0.12
15,10617,8941,60,2.3578601225865423,0.34,0.5,0.86,0.01941,0.09
69,3586,704,44,1.9552986382424984,0.42,0.13,0.83,0.01854,0.12
47,9984,1107,54,1.7540178960704764,0.46,0.67,0.9,0.02027,0.08
26,7264,1021,60,2.1853337721533808,0.4,0.63,0.82,0.01941,0.19
30,6812,10210,47,2.199710968022811,0.35,0.43,0.86,0.01992,0.18
25,6811,794,52,2.444123297803123,0.46,0.29,0.83,0.01941,0.14
59,5451,942,56,2.7747988028000163,0.34,0.58,0.9,0.0197,0.19
36,7206,10,51,2.11344779280623,0.4,0.11,0.88,0.01992,0.19
20,10295,3480,53,2.7029128234528654,0.46,0.26,0.89,0.01941,0.01
31,3751,806,49,1.6677547208538956,0.34,0.61,0.85,0.01992,0.0
19,10577,2884,36,2.0990705969367998,0.47,0.56,0.88,0.01941,0.08
49,3433,1226,60,2.6022724523668543,0.41,0.24,0.86,0.02027,0.15
40,9993,118,50,2.12782498867566,0.48,0.5,0.81,0.02027,0.17
30,5331,858,23,2.7172900193222955,0.32,0.66,0.86,0.01992,0.02
62,7638,359,46,2.8179303904083066,0.45,0.69,0.83,0.01854,0.13
39,6538,1148,33,2.11344779280623,0.42,0.49,0.8,0.01992,0.04
20,7314,575,34,2.0128074217202188,0.48,0.57,0.85,0.01941,0.18
31,1271,178,56,1.595868741506745,0.38,0.18,0.89,0.01992,0.11
62,6560,1694,21,2.659781235844575,0.47,0.14,0.84,0.01854,0.04
19,5674,1168,34,2.7029128234528654,0.33,0.53,0.87,0.01941,0.04
30,7150,1760,42,2.2572197515005312,0.43,0.22,0.89,0.01992,0.09
33,10584,5886,40,2.573518060627994,0.34,0.59,0.88,0.01992,0.16
23,7810,829,51,2.11344779280623,0.4,0.37,0.81,0.01941,0.16
53,3744,2390,36,1.8402810712870574,0.46,0.57,0.83,0.0197,0.14
32,5733,861,43,1.9840530299813588,0.5,0.19,0.83,0.01992,0.0
15,3437,100,47,2.7316672151917256,0.34,0.19,0.86,0.01941,0.06
52,2940,640,47,1.7827722878093368,0.47,0.26,0.89,0.0197,0.09
34,7106,185,43,2.6022724523668543,0.41,0.27,0.84,0.01992,0.17
51,10708,928,28,1.9265442465036382,0.38,0.35,0.84,0.0197,0.07
25,2597,938,54,2.8035531945388765,0.41,0.58,0.85,0.01941,0.01
61,1435,1129,46,2.1853337721533808,0.34,0.5,0.81,0.01854,0.2
66,7626,67,48,1.811526679548197,0.32,0.58,0.89,0.01854,0.1
33,10394,483,60,2.329105730847682,0.41,0.29,0.83,0.01992,0.1
43,1402,5970,29,2.15657938041452,0.45,0.17,0.85,0.02027,0.19
27,10531,2990,26,1.682131916723326,0.43,0.65,0.83,0.01941,0.03
29,9811,5533,22,2.559140864758564,0.32,0.11,0.83,0.01941,0.08
38,5495,158,39,2.7891759986694464,0.49,0.57,0.88,0.01992,0.12
41,3523,846,36,2.846684782147167,0.33,0.69,0.8,0.02027,0.06
44,5674,847,21,1.6533775249844656,0.48,0.59,0.84,0.02027,0.18
33,6602,713,29,2.4872548854114136,0.44,0.18,0.84,0.01992,0.18
17,5901,2575,24,1.7683950919399067,0.37,0.34,0.82,0.01941,0.17
17,5904,3527,49,1.4377195869430135,0.31,0.28,0.87,0.01941,0.05
32,6690,344,56,2.12782498867566,0.39,0.28,0.81,0.01992,0.13
43,10278,1770,45,2.8035531945388765,0.35,0.15,0.87,0.02027,0.09
41,10612,9126,40,2.616649648236285,0.35,0.12,0.9,0.02027,0.05
40,3064,9877,32,2.2572197515005312,0.48,0.35,0.87,0.02027,0.11
60,10715,209,22,2.4009917101948326,0.33,0.29,0.87,0.01854,0.17
30,10417,2671,44,2.1709565762839507,0.43,0.21,0.89,0.01992,0.08
25,6537,1016,29,2.530386473019704,0.46,0.65,0.83,0.01941,0.01
24,10220,1105,32,2.228465359761671,0.45,0.26,0.83,0.01941,0.13
73,10263,649,23,2.3003513391088215,0.31,0.32,0.86,0.01719,0.14
64,10093,420,29,2.0271846175896493,0.32,0.6,0.88,0.01854,0.15
56,3586,1294,43,1.912167050634208,0.38,0.13,0.87,0.0197,0.13
57,2508,53,32,2.3866145143254025,0.39,0.24,0.89,0.0197,0.15
57,6804,3052,59,1.8546582671564875,0.42,0.33,0.86,0.0197,0.19
34,2945,8118,24,2.458500493672553,0.34,0.63,0.85,0.01992,0.1
25,5867,5380,28,2.444123297803123,0.38,0.52,0.8,0.01941,0.05
38,10596,919,38,1.9984302258507889,0.49,0.3,0.84,0.01992,0.04
35,4174,1032,33,2.1853337721533808,0.5,0.27,0.8,0.01992,0.05
30,3443,1138,47,1.8402810712870574,0.31,0.53,0.81,0.01992,0.07
36,6675,1291,57,1.6390003291150355,0.31,0.14,0.9,0.01992,0.12
68,1606,86,27,2.559140864758564,0.35,0.16,0.9,0.01854,0.07
34,1472,551,43,1.7540178960704764,0.45,0.6,0.85,0.01992,0.11
21,1553,1016,28,2.4728776895419835,0.3,0.59,0.83,0.01941,0.05
16,10652,231,23,1.696509112592756,0.31,0.69,0.81,0.01941,0.03
25,9998,576,25,2.5016320812808437,0.32,0.27,0.84,0.01941,0.01
62,9445,374,48,2.6885356275834353,0.5,0.35,0.86,0.01854,0.06
26,6607,1128,35,1.7108863084621861,0.4,0.34,0.83,0.01941,0.12
51,10249,8118,24,1.8977898547647778,0.39,0.35,0.84,0.0197,0.08
67,1471,350,45,2.7172900193222955,0.48,0.21,0.82,0.01854,0.15
19,7308,566,29,1.6102459373761753,0.37,0.44,0.86,0.01941,0.14
20,10572,693,29,1.4520967828124436,0.36,0.68,0.9,0.01941,0.08
28,7275,672,45,2.0846934010673697,0.47,0.42,0.8,0.01941,0.18
37,7316,9122,39,1.825903875417627,0.5,0.15,0.87,0.01992,0.18
25,7402,1475,24,2.444123297803123,0.3,0.68,0.89,0.01941,0.0
43,6553,361,51,1.7683950919399067,0.34,0.65,0.82,0.02027,0.05
15,10694,8584,22,1.5383599580290246,0.44,0.31,0.85,0.01941,0.05
15,7258,3080,56,2.3722373184559724,0.31,0.26,0.87,0.01941,0.14
40,8894,7980,52,2.4872548854114136,0.49,0.36,0.88,0.02027,0.08
24,2497,579,41,2.15657938041452,0.39,0.55,0.86,0.01941,0.01
34,10122,899,24,2.242842555631101,0.44,0.36,0.9,0.01992,0.1
34,4595,1804,30,2.429746101933693,0.3,0.65,0.84,0.01992,0.07
17,10017,2991,57,1.466473978681874,0.42,0.51,0.8,0.01941,0.02
35,10316,2885,29,1.8690354630259176,0.43,0.16,0.8,0.01992,0.11
26,6613,675,59,1.7108863084621861,0.41,0.12,0.89,0.01941,0.14
46,10350,421,60,1.6390003291150355,0.34,0.31,0.85,0.02027,0.13
22,9992,5947,33,2.4009917101948326,0.46,0.67,0.85,0.01941,0.13
42,10068,33,28,2.5878952564974242,0.35,0.11,0.82,0.02027,0.03
28,10618,10207,29,2.0703162051979396,0.35,0.65,0.83,0.01941,0.05
29,6679,3603,45,1.7108863084621861,0.33,0.61,0.87,0.01941,0.02
57,4594,2421,32,2.0271846175896493,0.48,0.51,0.86,0.0197,0.08
23,6019,161,24,2.7316672151917256,0.49,0.2,0.83,0.01941,0.15
22,7758,1535,22,2.0415618134590794,0.41,0.11,0.82,0.01941,0.08
32,1550,553,50,1.5239827621595943,0.3,0.1,0.83,0.01992,0.06
21,1275,62,25,1.480851174551304,0.31,0.43,0.8,0.01941,0.12
35,1517,1081,23,1.9552986382424984,0.4,0.12,0.85,0.01992,0.16
42,7726,162,47,1.6390003291150355,0.32,0.51,0.8,0.02027,0.11
59,5645,2835,55,2.516009277150274,0.43,0.1,0.85,0.0197,0.12
24,6026,824,51,1.7683950919399067,0.41,0.21,0.81,0.01941,0.07
23,1369,1063,51,2.516009277150274,0.36,0.34,0.86,0.01941,0.16
23,8369,608,31,2.3434829267171122,0.41,0.59,0.83,0.01941,0.14
16,7262,3505,29,1.7683950919399067,0.5,0.4,0.81,0.01941,0.14
51,4167,3135,38,1.4520967828124436,0.46,0.65,0.86,0.0197,0.11
61,8125,1246,20,2.3003513391088215,0.32,0.31,0.89,0.01854,0.05
25,6806,469,58,2.7747988028000163,0.33,0.56,0.87,0.01941,0.19
24,10171,9975,37,1.6102459373761753,0.35,0.48,0.8,0.01941,0.03
16,8169,3212,29,2.14220218454509,0.47,0.48,0.82,0.01941,0.02
22,1589,1265,31,2.329105730847682,0.36,0.17,0.83,0.01941,0.07
19,6858,8584,26,1.682131916723326,0.37,0.4,0.81,0.01941,0.06
30,6687,9877,56,1.9552986382424984,0.34,0.12,0.81,0.01992,0.09
26,10334,2836,37,2.7172900193222955,0.47,0.68,0.84,0.01941,0.08
15,10108,1322,59,1.9984302258507889,0.45,0.23,0.89,0.01941,0.14
22,6866,342,48,1.6390003291150355,0.34,0.3,0.87,0.01941,0.05
33,1510,9592,53,2.8035531945388765,0.31,0.46,0.86,0.01992,0.18
22,1207,2644,56,2.1709565762839507,0.49,0.11,0.84,0.01941,0.15
30,10327,1248,42,2.2572197515005312,0.44,0.17,0.86,0.01992,0.18
20,10531,9975,24,2.214088163892241,0.32,0.12,0.87,0.01941,0.14
23,10310,214,25,1.6533775249844656,0.47,0.55,0.84,0.01941,0.04
38,10610,581,30,2.7460444110611557,0.34,0.33,0.83,0.01992,0.11
21,10401,2511,38,1.5527371538984547,0.34,0.62,0.84,0.01941,0.13
62,4159,5827,50,2.8179303904083066,0.37,0.22,0.88,0.01854,0.0
41,10452,633,20,2.0990705969367998,0.5,0.48,0.82,0.02027,0.17
41,3760,672,40,1.6102459373761753,0.4,0.1,0.85,0.02027,0.13
63,2498,427,24,1.7108863084621861,0.36,0.22,0.84,0.01854,0.13
18,6812,8951,55,2.7891759986694464,0.41,0.45,0.89,0.01941,0.2
57,4173,2511,56,2.516009277150274,0.37,0.24,0.83,0.0197,0.07
40,5495,797,28,1.7683950919399067,0.46,0.24,0.87,0.02027,0.06
15,1356,5430,26,2.6741584317140052,0.46,0.17,0.85,0.01941,0.0
38,10353,3135,42,2.3147285349782516,0.49,0.26,0.81,0.01992,0.06
16,9988,3953,48,2.3722373184559724,0.48,0.23,0.86,0.01941,0.12
48,10679,2232,30,1.6677547208538956,0.43,0.38,0.87,0.02027,0.0
28,1401,215,40,2.4153689060642627,0.49,0.4,0.89,0.01941,0.05
21,7255,847,21,1.825903875417627,0.33,0.53,0.85,0.01941,0.05
57,2432,296,39,2.444123297803123,0.35,0.45,0.82,0.0197,0.2
31,2805,643,58,1.5239827621595943,0.36,0.25,0.83,0.01992,0.1
22,2464,1047,33,2.0559390093285095,0.36,0.51,0.89,0.01941,0.18
58,10555,330,47,1.7252635043316162,0.4,0.53,0.88,0.0197,0.14
24,10009,913,46,1.5096055662901642,0.49,0.63,0.86,0.01941,0.04
18,5867,5437,34,1.5671143497678848,0.38,0.57,0.89,0.01941,0.13
32,10331,2450,55,2.0846934010673697,0.5,0.63,0.86,0.01992,0.11
25,10030,800,39,2.458500493672553,0.42,0.48,0.86,0.01941,0.16
40,10091,708,46,2.6741584317140052,0.42,0.13,0.89,0.02027,0.13
27,5732,970,42,2.429746101933693,0.5,0.3,0.83,0.01941,0.18
26,3797,1041,35,2.0846934010673697,0.49,0.24,0.83,0.01941,0.07
39,10725,683,47,2.214088163892241,0.37,0.13,0.83,0.01992,0.06
19,10427,5432,22,2.3147285349782516,0.4,0.68,0.82,0.01941,0.16
70,1550,2896,56,2.12782498867566,0.41,0.7,0.81,0.01719,0.11
24,1546,1475,45,2.631026844105715,0.45,0.1,0.81,0.01941,0.04
30,10242,117,40,1.9840530299813588,0.37,0.23,0.86,0.01992,0.11
56,10725,5804,34,1.9984302258507889,0.46,0.49,0.87,0.0197,0.15
74,10226,2681,54,1.8977898547647778,0.35,0.11,0.82,0.01719,0.02
22,10397,930,46,2.0990705969367998,0.36,0.5,0.85,0.01941,0.05
57,8525,1131,23,2.4872548854114136,0.44,0.51,0.84,0.0197,0.2
18,10070,3965,60,1.8977898547647778,0.32,0.48,0.9,0.01941,0.1
60,10725,4358,55,1.6246231332456054,0.31,0.65,0.81,0.01854,0.13
48,10291,9841,21,2.616649648236285,0.48,0.45,0.9,0.02027,0.07
18,6811,1257,30,2.5878952564974242,0.49,0.19,0.89,0.01941,0.01
52,2498,833,30,2.4872548854114136,0.48,0.29,0.86,0.0197,0.14
25,6681,971,52,2.0703162051979396,0.45,0.58,0.81,0.01941,0.13
16,1378,687,33,2.7460444110611557,0.47,0.2,0.85,0.01941,0.19
57,2352,1834,58,1.825903875417627,0.41,0.64,0.83,0.0197,0.08
34,10382,832,34,1.495228370420734,0.33,0.29,0.8,0.01992,0.04
28,6557,581,20,1.9552986382424984,0.42,0.14,0.86,0.01941,0.17
69,10692,776,28,1.7540178960704764,0.33,0.16,0.87,0.01854,0.18
66,1337,1035,20,2.5016320812808437,0.38,0.21,0.85,0.01854,0.14
22,3403,529,44,2.2859741432393914,0.44,0.26,0.85,0.01941,0.15
18,7357,2721,56,1.6246231332456054,0.43,0.64,0.86,0.01941,0.17
16,1488,1208,51,1.9409214423730683,0.38,0.3,0.83,0.01941,0.1
24,1541,339,33,2.228465359761671,0.36,0.17,0.83,0.01941,0.19
49,1642,1051,49,2.875439173886027,0.43,0.64,0.82,0.02027,0.2
43,1746,1145,24,2.616649648236285,0.46,0.38,0.85,0.02027,0.12
43,10129,1447,41,1.825903875417627,0.31,0.62,0.85,0.02027,0.01
28,10678,540,22,2.8035531945388765,0.4,0.31,0.81,0.01941,0.2
74,10230,65,43,2.6022724523668543,0.33,0.64,0.82,0.01719,0.15
20,10237,946,28,2.4872548854114136,0.33,0.65,0.89,0.01941,0.19
49,7635,9840,43,1.6390003291150355,0.3,0.25,0.87,0.02027,0.03
31,3526,2196,38,2.7316672151917256,0.35,0.57,0.8,0.01992,0.05
28,10672,1251,34,1.5383599580290246,0.45,0.51,0.83,0.01941,0.08
19,4174,1280,42,2.4872548854114136,0.42,0.23,0.87,0.01941,0.16
19,7450,100,23,2.4009917101948326,0.46,0.36,0.82,0.01941,0.1
45,10126,1030,47,1.8402810712870574,0.37,0.56,0.84,0.02027,0.1
37,10422,443,40,2.2715969473699613,0.38,0.64,0.88,0.01992,0.18
42,3196,353,60,1.8690354630259176,0.31,0.41,0.84,0.02027,0.05
67,5883,5533,29,2.3578601225865423,0.49,0.58,0.85,0.01854,0.09
44,8173,843,25,1.6102459373761753,0.33,0.58,0.83,0.02027,0.02
46,1374,236,48,2.329105730847682,0.35,0.39,0.84,0.02027,0.07
16,10229,211,27,1.825903875417627,0.34,0.33,0.83,0.01941,0.05
34,7307,9979,59,2.4728776895419835,0.31,0.37,0.89,0.01992,0.08
41,10415,718,32,2.4153689060642627,0.36,0.37,0.8,0.02027,0.1
50,6555,658,33,1.8402810712870574,0.41,0.3,0.88,0.0197,0.05
30,10113,2915,42,2.0271846175896493,0.4,0.42,0.89,0.01992,0.09
41,508,207,59,2.329105730847682,0.47,0.1,0.9,0.02027,0.17
34,6872,1156,60,1.6390003291150355,0.36,0.51,0.83,0.01992,0.09
43,10541,442,22,2.3003513391088215,0.48,0.36,0.85,0.02027,0.07
43,5471,283,46,2.760421606930586,0.31,0.48,0.85,0.02027,0.05
30,10545,1027,45,2.444123297803123,0.32,0.69,0.81,0.01992,0.03
18,2942,172,37,2.15657938041452,0.38,0.21,0.88,0.01941,0.13
19,6860,1404,50,2.516009277150274,0.42,0.3,0.9,0.01941,0.13
45,10226,1054,39,1.466473978681874,0.48,0.22,0.85,0.02027,0.18
23,6813,696,31,1.6246231332456054,0.35,0.26,0.87,0.01941,0.09
54,7730,4269,28,2.12782498867566,0.48,0.7,0.88,0.0197,0.14
25,10573,937,32,2.3866145143254025,0.38,0.31,0.81,0.01941,0.0
53,7256,1051,49,2.4009917101948326,0.43,0.27,0.83,0.0197,0.04
40,2208,81,42,2.0271846175896493,0.37,0.57,0.86,0.02027,0.2
69,9578,176,53,2.7172900193222955,0.47,0.37,0.89,0.01854,0.06
27,6626,9959,45,1.7108863084621861,0.39,0.61,0.85,0.01941,0.07
48,8178,331,24,2.3434829267171122,0.33,0.6,0.84,0.02027,0.08
32,10428,928,44,2.544763668889134,0.31,0.43,0.89,0.01992,0.16
44,6625,1148,41,2.1853337721533808,0.41,0.58,0.85,0.02027,0.1
36,10256,9918,21,2.228465359761671,0.43,0.42,0.88,0.01992,0.16
59,10492,5319,32,1.7252635043316162,0.45,0.27,0.88,0.0197,0.04
28,6537,674,51,1.9696758341119285,0.5,0.57,0.87,0.01941,0.19
51,7294,3317,59,1.696509112592756,0.48,0.42,0.84,0.0197,0.07
20,7273,135,38,2.7747988028000163,0.36,0.36,0.81,0.01941,0.16
22,7149,984,46,2.530386473019704,0.44,0.18,0.82,0.01941,0.15
37,7621,2835,27,2.631026844105715,0.42,0.57,0.9,0.01992,0.03
17,10527,1167,35,1.7396407002010463,0.4,0.39,0.82,0.01941,0.06
37,10698,1078,21,1.8834126588953477,0.35,0.6,0.82,0.01992,0.06
35,10684,3176,54,1.696509112592756,0.4,0.13,0.83,0.01992,0.12
20,7416,346,22,2.4728776895419835,0.4,0.69,0.89,0.01941,0.12
47,5632,641,34,2.760421606930586,0.49,0.17,0.85,0.02027,0.12
23,6603,431,58,1.8834126588953477,0.4,0.63,0.81,0.01941,0.18
51,4744,5386,31,2.2859741432393914,0.44,0.11,0.86,0.0197,0.12
32,2944,8853,45,1.7108863084621861,0.31,0.43,0.87,0.01992,0.17
23,9021,450,29,1.7108863084621861,0.45,0.65,0.88,0.01941,0.1
22,7718,615,34,2.242842555631101,0.49,0.58,0.9,0.01941,0.19
51,8372,2422,56,1.912167050634208,0.5,0.24,0.82,0.0197,0.02
38,9022,9929,30,1.6390003291150355,0.45,0.61,0.85,0.01992,0.19
61,10238,925,35,1.4520967828124436,0.49,0.69,0.89,0.01854,0.17
48,10482,891,22,2.8035531945388765,0.45,0.31,0.85,0.02027,0.19
57,10351,1115,24,2.6885356275834353,0.45,0.23,0.86,0.0197,0.04
37,10566,786,35,2.7029128234528654,0.34,0.22,0.81,0.01992,0.04
27,1452,797,60,1.9984302258507889,0.44,0.26,0.84,0.01941,0.04
62,10447,2535,32,2.2572197515005312,0.5,0.33,0.87,0.01854,0.19
20,10267,1442,46,1.8977898547647778,0.5,0.61,0.89,0.01941,0.04
21,4176,9126,56,1.7396407002010463,0.44,0.54,0.88,0.01941,0.1
18,6694,8937,27,2.2859741432393914,0.33,0.42,0.81,0.01941,0.06
34,7275,3062,33,1.5814915456373149,0.39,0.41,0.89,0.01992,0.19
33,8160,4252,24,2.228465359761671,0.43,0.6,0.81,0.01992,0.03
21,10324,1724,48,2.2715969473699613,0.42,0.69,0.88,0.01941,0.02
29,10366,4438,56,2.14220218454509,0.49,0.29,0.81,0.01941,0.13
33,10476,26,38,2.7029128234528654,0.44,0.66,0.85,0.01992,0.14
38,8878,1727,36,2.4009917101948326,0.35,0.62,0.82,0.01992,0.14
22,10563,48,42,1.480851174551304,0.43,0.24,0.83,0.01941,0.04
23,3197,2581,35,2.4872548854114136,0.49,0.62,0.88,0.01941,0.04
33,9043,3826,49,1.5239827621595943,0.34,0.15,0.9,0.01992,0.14
48,4175,1093,26,2.214088163892241,0.43,0.17,0.84,0.02027,0.19
19,2818,3205,51,1.6102459373761753,0.33,0.62,0.89,0.01941,0.03
30,10018,995,24,2.458500493672553,0.33,0.64,0.84,0.01992,0.0
47,4165,944,52,2.544763668889134,0.36,0.33,0.84,0.02027,0.17
50,6872,1618,55,1.6246231332456054,0.34,0.59,0.84,0.0197,0.07
18,10358,2177,33,1.7683950919399067,0.46,0.35,0.8,0.01941,0.07
45,10350,575,55,1.9409214423730683,0.41,0.17,0.86,0.02027,0.13
47,8368,141,21,2.4872548854114136,0.46,0.54,0.81,0.02027,0.08
35,10300,1773,41,1.5671143497678848,0.41,0.58,0.84,0.01992,0.11
16,1495,4199,49,1.9696758341119285,0.42,0.59,0.83,0.01941,0.09
56,10268,810,47,2.3147285349782516,0.41,0.11,0.8,0.0197,0.12
37,8143,9979,43,2.0703162051979396,0.44,0.18,0.87,0.01992,0.19
33,9045,5472,53,2.2859741432393914,0.38,0.6,0.84,0.01992,0.13
52,10649,9916,53,2.5878952564974242,0.35,0.4,0.88,0.0197,0.13
23,1593,8118,40,1.9552986382424984,0.4,0.24,0.84,0.01941,0.12
46,3435,646,52,1.6533775249844656,0.44,0.4,0.83,0.02027,0.14
50,10076,547,35,2.242842555631101,0.33,0.38,0.86,0.0197,0.02
24,3579,366,27,2.3866145143254025,0.46,0.67,0.89,0.01941,0.12
57,10115,9665,59,2.15657938041452,0.38,0.23,0.85,0.0197,0.04
21,4167,2232,37,1.4520967828124436,0.49,0.4,0.82,0.01941,0.15
16,10069,566,53,1.5096055662901642,0.32,0.5,0.88,0.01941,0.09
43,10514,398,25,1.9984302258507889,0.45,0.14,0.81,0.02027,0.04
25,3198,9649,33,1.825903875417627,0.44,0.41,0.9,0.01941,0.03
47,10331,22,51,1.7396407002010463,0.35,0.67,0.9,0.02027,0.11
26,8129,800,43,2.3147285349782516,0.44,0.57,0.86,0.01941,0.03
41,10079,5616,54,1.4520967828124436,0.43,0.55,0.88,0.02027,0.12
64,1742,1325,57,2.631026844105715,0.46,0.28,0.83,0.01854,0.17
18,8135,4213,36,1.6677547208538956,0.46,0.2,0.8,0.01941,0.04
40,10340,436,50,1.8977898547647778,0.39,0.32,0.87,0.02027,0.03
22,1517,308,48,2.3434829267171122,0.37,0.59,0.8,0.01941,0.19
43,7263,546,48,2.3434829267171122,0.36,0.29,0.82,0.02027,0.14
33,7267,28,53,2.544763668889134,0.37,0.24,0.89,0.01992,0.0
45,10506,65,54,2.3722373184559724,0.35,0.26,0.87,0.02027,0.02
35,1276,1053,44,2.8179303904083066,0.31,0.45,0.86,0.01992,0.02
52,10427,598,44,2.0703162051979396,0.31,0.36,0.84,0.0197,0.0
57,666,10472,44,2.846684782147167,0.4,0.16,0.84,0.0197,0.07
31,10443,5383,33,2.4872548854114136,0.41,0.46,0.89,0.01992,0.08
40,10657,1080,50,2.0271846175896493,0.37,0.39,0.83,0.02027,0.16
47,8980,1000,31,2.573518060627994,0.49,0.18,0.9,0.02027,0.04
36,6839,2512,23,1.9552986382424984,0.49,0.53,0.88,0.01992,0.01
26,4121,800,59,2.14220218454509,0.46,0.12,0.89,0.01941,0.19
40,3381,2422,52,1.5239827621595943,0.37,0.55,0.82,0.02027,0.09
37,10224,5386,47,1.5814915456373149,0.4,0.33,0.89,0.01992,0.06
29,7802,741,59,1.5527371538984547,0.45,0.44,0.89,0.01941,0.03
29,7274,320,36,1.682131916723326,0.35,0.11,0.85,0.01941,0.04
42,3331,1559,26,1.6677547208538956,0.35,0.12,0.86,0.02027,0.04
29,3767,712,26,2.199710968022811,0.36,0.32,0.89,0.01941,0.07
17,10511,174,20,1.5527371538984547,0.41,0.42,0.84,0.01941,0.05
21,2280,634,46,1.7683950919399067,0.47,0.12,0.82,0.01941,0.19
20,1393,121,53,1.5096055662901642,0.38,0.55,0.87,0.01941,0.03
36,2663,22,20,1.811526679548197,0.47,0.21,0.86,0.01992,0.19
41,10437,2512,58,2.6022724523668543,0.42,0.26,0.86,0.02027,0.0
24,3430,941,26,2.329105730847682,0.32,0.22,0.86,0.01941,0.05
15,6549,2876,56,2.8179303904083066,0.37,0.69,0.89,0.01941,0.11
45,9997,2494,53,2.214088163892241,0.39,0.26,0.82,0.02027,0.15
37,10304,828,22,1.825903875417627,0.32,0.26,0.8,0.01992,0.03
21,10403,471,47,1.7252635043316162,0.49,0.25,0.82,0.01941,0.19
26,3092,9125,58,2.3722373184559724,0.46,0.34,0.83,0.01941,0.16
74,1753,813,32,2.458500493672553,0.34,0.62,0.8,0.01719,0.17
20,10120,836,55,1.7683950919399067,0.39,0.15,0.8,0.01941,0.14
44,10310,8917,41,2.3866145143254025,0.32,0.43,0.88,0.02027,0.12
17,8101,5808,23,2.645404039975145,0.37,0.2,0.89,0.01941,0.18
26,4171,1273,29,2.214088163892241,0.39,0.15,0.88,0.01941,0.06
46,1739,911,41,2.6741584317140052,0.43,0.35,0.85,0.02027,0.09
51,8179,1802,44,1.8546582671564875,0.35,0.18,0.81,0.0197,0.06
62,10071,626,41,2.0128074217202188,0.46,0.37,0.83,0.01854,0.17
24,4163,398,32,1.6390003291150355,0.35,0.5,0.87,0.01941,0.09
19,10604,3080,51,1.9696758341119285,0.48,0.62,0.8,0.01941,0.02
32,10706,5364,41,2.0846934010673697,0.4,0.14,0.84,0.01992,0.16
33,5600,1025,21,1.5671143497678848,0.4,0.21,0.88,0.01992,0.2
52,9038,362,52,2.7460444110611557,0.31,0.5,0.85,0.0197,0.19
66,4160,684,29,1.7827722878093368,0.37,0.6,0.87,0.01854,0.2
47,2679,582,44,2.329105730847682,0.49,0.48,0.88,0.02027,0.13
19,7405,229,43,2.2859741432393914,0.38,0.13,0.89,0.01941,0.08
19,10221,2655,58,1.480851174551304,0.36,0.66,0.87,0.01941,0.0
22,10658,342,20,1.7108863084621861,0.46,0.32,0.82,0.01941,0.09
26,6547,8099,32,2.0271846175896493,0.44,0.55,0.86,0.01941,0.08
30,10381,574,24,1.8834126588953477,0.49,0.63,0.8,0.01992,0.14
40,8125,949,36,1.9409214423730683,0.31,0.29,0.83,0.02027,0.09
35,1401,2969,47,2.4728776895419835,0.48,0.45,0.89,0.01992,0.2
21,1706,843,33,1.480851174551304,0.4,0.56,0.88,0.01941,0.08
47,5896,2,36,2.14220218454509,0.31,0.54,0.88,0.02027,0.19
31,3741,1130,53,1.466473978681874,0.38,0.52,0.9,0.01992,0.16
58,3119,809,39,2.7747988028000163,0.42,0.51,0.86,0.0197,0.13
40,10432,938,33,2.2715969473699613,0.48,0.45,0.84,0.02027,0.1
30,7204,4192,35,2.458500493672553,0.31,0.22,0.9,0.01992,0.03
17,10024,5436,25,1.912167050634208,0.48,0.13,0.85,0.01941,0.15
22,508,814,42,1.9984302258507889,0.41,0.11,0.85,0.01941,0.13
57,1401,962,44,1.9696758341119285,0.43,0.18,0.89,0.0197,0.16
28,4777,4223,25,2.516009277150274,0.4,0.33,0.8,0.01941,0.01
26,1495,1716,59,1.6102459373761753,0.5,0.25,0.84,0.01941,0.05
21,10559,1479,28,1.8834126588953477,0.4,0.22,0.84,0.01941,0.09
49,3481,914,57,1.9409214423730683,0.35,0.51,0.85,0.02027,0.17
32,10307,149,24,2.7891759986694464,0.34,0.64,0.88,0.01992,0.16
28,7310,237,40,2.429746101933693,0.41,0.17,0.9,0.01941,0.18
19,10709,3212,29,1.696509112592756,0.49,0.51,0.86,0.01941,0.08
40,10324,2234,54,1.6533775249844656,0.47,0.61,0.85,0.02027,0.02
35,2818,422,59,2.15657938041452,0.38,0.32,0.87,0.01992,0.02
29,10010,4220,37,2.8035531945388765,0.41,0.59,0.83,0.01941,0.06
21,7253,5302,53,2.3866145143254025,0.42,0.27,0.87,0.01941,0.19
43,2482,545,51,2.1853337721533808,0.37,0.22,0.81,0.02027,0.17
27,9990,350,54,2.2572197515005312,0.31,0.19,0.87,0.01941,0.0
50,9009,2390,23,2.12782498867566,0.37,0.24,0.88,0.0197,0.12
31,10165,943,52,1.495228370420734,0.44,0.22,0.81,0.01992,0.15
27,6813,822,35,2.2572197515005312,0.31,0.41,0.86,0.01941,0.08
36,1775,1447,47,2.3866145143254025,0.31,0.39,0.86,0.01992,0.02
42,10337,841,50,2.559140864758564,0.49,0.69,0.86,0.02027,0.16
47,6625,1027,46,1.9552986382424984,0.48,0.47,0.89,0.02027,0.19
29,10303,930,55,1.466473978681874,0.43,0.62,0.83,0.01941,0.08
59,10686,1094,31,2.15657938041452,0.33,0.24,0.86,0.0197,0.02
37,7301,4230,26,2.3434829267171122,0.43,0.29,0.83,0.01992,0.19
54,5306,1329,51,2.0990705969367998,0.33,0.37,0.86,0.0197,0.07
66,10401,341,31,1.811526679548197,0.32,0.19,0.83,0.01854,0.03
15,3229,3792,46,2.4153689060642627,0.47,0.61,0.89,0.01941,0.14
48,10160,4220,48,2.573518060627994,0.36,0.51,0.88,0.02027,0.15
60,10389,1724,52,2.3434829267171122,0.4,0.55,0.81,0.01854,0.07
42,7631,8986,28,1.6533775249844656,0.45,0.46,0.9,0.02027,0.09
57,7275,114,32,2.0415618134590794,0.5,0.68,0.9,0.0197,0.19
41,6856,663,31,1.5671143497678848,0.36,0.51,0.9,0.02027,0.06
26,10053,5917,31,2.0846934010673697,0.48,0.17,0.85,0.01941,0.03
20,1655,570,29,2.530386473019704,0.36,0.48,0.89,0.01941,0.13
31,7255,12,22,2.631026844105715,0.34,0.32,0.82,0.01992,0.07
73,10259,2925,57,1.9840530299813588,0.37,0.13,0.87,0.01719,0.05
18,6620,1193,47,2.0559390093285095,0.39,0.22,0.88,0.01941,0.03
19,10537,4194,46,1.825903875417627,0.46,0.42,0.85,0.01941,0.01
46,5711,2658,35,2.0846934010673697,0.41,0.29,0.8,0.02027,0.2
49,7731,422,32,1.7108863084621861,0.48,0.7,0.88,0.02027,0.17
40,10286,662,45,1.5671143497678848,0.35,0.17,0.88,0.02027,0.04
48,6871,694,39,1.682131916723326,0.46,0.19,0.88,0.02027,0.12
62,10259,1726,49,2.2859741432393914,0.31,0.64,0.81,0.01854,0.16
46,2369,158,24,2.3147285349782516,0.46,0.53,0.9,0.02027,0.03
21,5896,597,28,2.7747988028000163,0.31,0.4,0.85,0.01941,0.06
19,10539,2397,30,2.14220218454509,0.32,0.13,0.82,0.01941,0.05
47,10613,855,44,2.645404039975145,0.49,0.11,0.89,0.02027,0.16
21,10689,1773,21,2.0271846175896493,0.35,0.62,0.8,0.01941,0.16
69,2935,1129,34,1.8977898547647778,0.42,0.29,0.88,0.01854,0.01
33,4162,694,48,2.616649648236285,0.4,0.33,0.9,0.01992,0.17
26,10544,393,38,1.6390003291150355,0.42,0.32,0.9,0.01941,0.04
59,5311,1611,27,1.9552986382424984,0.43,0.11,0.81,0.0197,0.2
44,7245,528,51,1.797149483678767,0.41,0.56,0.85,0.02027,0.11
26,10489,676,43,2.861061978016597,0.35,0.59,0.86,0.01941,0.06
17,10514,8936,20,2.8179303904083066,0.42,0.59,0.83,0.01941,0.09
27,7449,1731,57,2.458500493672553,0.49,0.2,0.86,0.01941,0.19
20,10336,556,24,1.495228370420734,0.42,0.42,0.85,0.01941,0.09
59,7816,5517,51,1.7396407002010463,0.4,0.4,0.85,0.0197,0.14
15,7378,8952,29,2.8035531945388765,0.47,0.63,0.81,0.01941,0.19
36,10435,1054,49,2.3578601225865423,0.34,0.45,0.89,0.01992,0.15
74,2545,579,35,2.0990705969367998,0.31,0.42,0.83,0.01719,0.2
50,10326,5364,51,2.7891759986694464,0.34,0.55,0.81,0.0197,0.06
41,6604,5526,35,1.7396407002010463,0.33,0.24,0.84,0.02027,0.06
25,10318,720,33,2.7172900193222955,0.32,0.31,0.87,0.01941,0.07
62,7808,196,55,1.466473978681874,0.3,0.31,0.85,0.01854,0.19
35,8878,1019,54,2.1853337721533808,0.39,0.2,0.83,0.01992,0.08
43,7384,882,35,2.7316672151917256,0.4,0.28,0.87,0.02027,0.11
43,10693,3880,59,2.530386473019704,0.48,0.55,0.88,0.02027,0.05
30,8140,28,52,1.9984302258507889,0.49,0.49,0.85,0.01992,0.04
58,2345,3448,29,2.7747988028000163,0.49,0.5,0.8,0.0197,0.1
18,10168,4193,57,2.516009277150274,0.45,0.55,0.86,0.01941,0.2
18,6181,3081,57,2.7460444110611557,0.4,0.25,0.81,0.01941,0.05
17,7315,5429,49,2.0128074217202188,0.39,0.63,0.81,0.01941,0.02
47,7396,635,37,2.861061978016597,0.3,0.36,0.87,0.02027,0.17
43,3723,322,27,1.9552986382424984,0.45,0.21,0.83,0.02027,0.04
23,7454,470,52,2.7460444110611557,0.49,0.32,0.86,0.01941,0.14
43,1203,331,37,2.0846934010673697,0.33,0.6,0.85,0.02027,0.18
54,7813,243,33,2.4153689060642627,0.5,0.26,0.88,0.0197,0.11
62,7294,139,32,2.8323075862777367,0.49,0.3,0.81,0.01854,0.07
58,10064,2245,35,1.6102459373761753,0.44,0.16,0.81,0.0197,0.13
35,3454,799,33,2.875439173886027,0.44,0.61,0.82,0.01992,0.05
37,7288,2681,24,2.1853337721533808,0.32,0.34,0.89,0.01992,0.03
37,3224,1758,48,2.11344779280623,0.37,0.46,0.83,0.01992,0.14
16,2938,4215,40,2.2715969473699613,0.39,0.26,0.88,0.01941,0.13
22,10572,991,59,2.7460444110611557,0.32,0.33,0.87,0.01941,0.19
42,10381,2535,25,1.6390003291150355,0.32,0.37,0.81,0.02027,0.1
62,10373,1852,43,2.12782498867566,0.37,0.44,0.83,0.01854,0.07
45,8371,235,23,1.466473978681874,0.43,0.32,0.89,0.02027,0.11
66,4178,81,58,1.9984302258507889,0.36,0.34,0.88,0.01854,0.12
20,2821,1721,53,2.8179303904083066,0.34,0.46,0.81,0.01941,0.0
35,1548,668,32,1.5383599580290246,0.42,0.15,0.89,0.01992,0.07
49,4159,1415,57,2.7029128234528654,0.49,0.65,0.87,0.02027,0.06
41,10612,434,33,2.0415618134590794,0.43,0.25,0.87,0.02027,0.18
32,6857,2800,52,1.9265442465036382,0.34,0.26,0.87,0.01992,0.14
46,10689,519,33,2.5016320812808437,0.42,0.61,0.88,0.02027,0.19
21,10426,9975,35,2.4728776895419835,0.39,0.29,0.89,0.01941,0.06
26,1400,3798,52,2.2715969473699613,0.35,0.61,0.81,0.01941,0.19
47,1377,33,30,1.4520967828124436,0.41,0.27,0.85,0.02027,0.07
53,10233,491,36,2.1709565762839507,0.44,0.12,0.81,0.0197,0.15
25,2944,1265,43,2.0559390093285095,0.31,0.1,0.86,0.01941,0.12
32,10164,711,36,2.7891759986694464,0.35,0.38,0.89,0.01992,0.15
67,8176,917,47,2.4872548854114136,0.48,0.14,0.85,0.01854,0.05
21,7313,667,26,1.7683950919399067,0.37,0.27,0.9,0.01941,0.2
22,1359,548,25,2.199710968022811,0.48,0.55,0.87,0.01941,0.03
34,10122,1297,52,2.7172900193222955,0.41,0.54,0.86,0.01992,0.1
54,3732,820,50,2.861061978016597,0.42,0.4,0.85,0.0197,0.17
32,1300,848,42,2.7891759986694464,0.47,0.69,0.83,0.01992,0.11
24,6024,11,23,1.696509112592756,0.34,0.53,0.82,0.01941,0.0
38,2448,863,21,1.9840530299813588,0.44,0.31,0.84,0.01992,0.2
22,3054,598,27,2.7891759986694464,0.32,0.57,0.83,0.01941,0.19
38,1538,535,40,2.1709565762839507,0.42,0.35,0.84,0.01992,0.08
54,5903,394,30,1.7252635043316162,0.37,0.68,0.87,0.0197,0.07
17,10327,5808,49,1.7540178960704764,0.42,0.13,0.86,0.01941,0.09
27,7392,8121,29,2.329105730847682,0.39,0.44,0.89,0.01941,0.19
49,3604,343,26,1.9840530299813588,0.38,0.55,0.86,0.02027,0.2
32,10019,4356,24,1.6246231332456054,0.44,0.25,0.87,0.01992,0.19
26,6560,968,43,1.6246231332456054,0.44,0.21,0.85,0.01941,0.05
23,10402,378,24,1.8546582671564875,0.43,0.36,0.82,0.01941,0.16
34,3410,858,30,1.7540178960704764,0.45,0.25,0.88,0.01992,0.18
16,3741,5861,23,2.659781235844575,0.36,0.52,0.88,0.01941,0.1
39,10708,480,39,1.811526679548197,0.41,0.49,0.87,0.01992,0.18
38,9984,293,48,2.2859741432393914,0.3,0.38,0.86,0.01992,0.0
38,9999,3615,29,2.7460444110611557,0.38,0.47,0.9,0.01992,0.18
40,9994,2990,24,2.3866145143254025,0.47,0.43,0.82,0.02027,0.02
69,3722,749,35,1.9265442465036382,0.45,0.53,0.84,0.01854,0.07
58,10226,568,52,2.2859741432393914,0.49,0.31,0.83,0.0197,0.08
55,7441,18,27,2.8035531945388765,0.4,0.23,0.83,0.0197,0.09
23,7297,850,32,2.199710968022811,0.43,0.58,0.84,0.01941,0.17
44,10585,1008,31,1.7540178960704764,0.47,0.23,0.83,0.02027,0.01
28,7408,986,40,2.0271846175896493,0.36,0.54,0.87,0.01941,0.14
24,5307,352,55,2.14220218454509,0.35,0.21,0.82,0.01941,0.01
28,9811,1009,26,2.4153689060642627,0.46,0.59,0.9,0.01941,0.17
32,1493,633,30,1.5671143497678848,0.31,0.25,0.87,0.01992,0.2
23,4777,969,33,2.5016320812808437,0.39,0.32,0.8,0.01941,0.17
26,5356,1060,29,1.5527371538984547,0.33,0.64,0.87,0.01941,0.17
27,10126,2535,42,2.7172900193222955,0.48,0.52,0.85,0.01941,0.12
28,7805,4226,31,1.8977898547647778,0.33,0.69,0.83,0.01941,0.07
34,7630,595,41,2.0846934010673697,0.33,0.28,0.86,0.01992,0.16
30,7145,610,34,2.4153689060642627,0.3,0.14,0.8,0.01992,0.07
29,10651,805,54,1.696509112592756,0.33,0.69,0.81,0.01941,0.19
66,10305,379,21,1.4520967828124436,0.35,0.23,0.87,0.01854,0.06
16,10651,230,53,1.5814915456373149,0.44,0.59,0.88,0.01941,0.13
28,10520,176,28,2.214088163892241,0.32,0.62,0.86,0.01941,0.18
67,6011,714,33,2.7891759986694464,0.35,0.39,0.87,0.01854,0.2
37,9043,1447,43,1.5096055662901642,0.37,0.19,0.85,0.01992,0.01
56,7276,370,48,1.696509112592756,0.43,0.56,0.85,0.0197,0.18
37,1295,1716,51,2.573518060627994,0.4,0.46,0.82,0.01992,0.13
49,1513,7044,30,2.659781235844575,0.49,0.22,0.89,0.02027,0.09
45,10280,8970,25,2.5016320812808437,0.47,0.4,0.83,0.02027,0.18
19,8368,562,37,1.6102459373761753,0.46,0.11,0.87,0.01941,0.07
44,6560,1290,27,2.3434829267171122,0.43,0.61,0.86,0.02027,0.06
44,10715,3798,21,1.7683950919399067,0.41,0.24,0.81,0.02027,0.16
30,6534,1015,20,2.5878952564974242,0.37,0.3,0.85,0.01992,0.02
17,6557,3205,54,2.4153689060642627,0.35,0.46,0.87,0.01941,0.03
44,9443,340,57,1.7396407002010463,0.44,0.64,0.85,0.02027,0.12
22,10316,527,30,1.480851174551304,0.5,0.26,0.88,0.01941,0.19
18,10079,8932,44,1.6533775249844656,0.41,0.18,0.82,0.01941,0.11
15,9971,2678,21,2.3147285349782516,0.42,0.15,0.81,0.01941,0.09
31,3767,5769,53,2.846684782147167,0.48,0.2,0.86,0.01992,0.19
32,7294,914,46,2.429746101933693,0.35,0.68,0.85,0.01992,0.0
32,6181,829,54,2.11344779280623,0.44,0.21,0.8,0.01992,0.12
39,7407,9125,40,1.6677547208538956,0.31,0.26,0.86,0.01992,0.05
48,10246,694,26,2.4153689060642627,0.32,0.23,0.86,0.02027,0.07
56,7311,22,47,2.7460444110611557,0.49,0.5,0.83,0.0197,0.07
39,2936,2348,37,1.6246231332456054,0.47,0.19,0.86,0.01992,0.14
18,1743,3974,44,1.7396407002010463,0.3,0.44,0.84,0.01941,0.12
58,10505,2658,36,2.5016320812808437,0.34,0.14,0.83,0.0197,0.15
25,1495,932,22,1.4377195869430135,0.4,0.18,0.87,0.01941,0.09
19,1449,2643,36,2.4728776895419835,0.44,0.68,0.86,0.01941,0.09
48,10362,737,26,2.7316672151917256,0.41,0.46,0.84,0.02027,0.06
21,5615,903,36,1.8546582671564875,0.5,0.21,0.9,0.01941,0.1
27,1631,3923,31,2.0415618134590794,0.44,0.22,0.83,0.01941,0.02
20,10461,1598,60,2.7460444110611557,0.4,0.68,0.88,0.01941,0.07
28,1631,830,60,2.0703162051979396,0.45,0.59,0.84,0.01941,0.12
58,10520,921,59,1.8690354630259176,0.5,0.41,0.84,0.0197,0.1
34,1231,9162,51,2.631026844105715,0.39,0.25,0.9,0.01992,0.08
41,5336,574,20,2.3866145143254025,0.3,0.7,0.82,0.02027,0.09
72,6012,704,41,2.8179303904083066,0.4,0.31,0.89,0.01719,0.17
27,10559,929,25,2.14220218454509,0.34,0.24,0.85,0.01941,0.08
30,1221,953,51,1.9984302258507889,0.45,0.6,0.86,0.01992,0.2
32,7243,4400,30,2.6885356275834353,0.35,0.19,0.86,0.01992,0.0
53,1521,903,39,2.4728776895419835,0.45,0.46,0.88,0.0197,0.15
55,10055,1063,44,2.0271846175896493,0.46,0.46,0.9,0.0197,0.04
45,7377,847,25,2.7029128234528654,0.44,0.27,0.82,0.02027,0.2
39,8174,4778,44,2.242842555631101,0.42,0.69,0.86,0.01992,0.15
64,5356,1726,37,1.6677547208538956,0.45,0.39,0.87,0.01854,0.0
23,3523,23,23,1.696509112592756,0.36,0.28,0.83,0.01941,0.12
40,3747,205,22,2.5016320812808437,0.46,0.61,0.88,0.02027,0.02
53,1666,9126,20,2.573518060627994,0.34,0.59,0.88,0.0197,0.12
20,7454,67,44,1.5814915456373149,0.37,0.59,0.83,0.01941,0.19
23,10401,5943,38,2.2715969473699613,0.44,0.35,0.89,0.01941,0.08
44,10504,1595,31,2.4153689060642627,0.49,0.39,0.87,0.02027,0.04
38,4161,804,41,2.8179303904083066,0.5,0.22,0.82,0.01992,0.15
36,10655,433,47,2.12782498867566,0.37,0.28,0.89,0.01992,0.17
25,6854,1007,24,1.9696758341119285,0.38,0.53,0.9,0.01941,0.13
16,8172,3790,41,1.4377195869430135,0.36,0.64,0.83,0.01941,0.17
26,1739,9665,54,2.573518060627994,0.49,0.5,0.8,0.01941,0.07
23,665,1411,20,1.7252635043316162,0.43,0.59,0.89,0.01941,0.06
21,10079,881,49,2.573518060627994,0.35,0.43,0.89,0.01941,0.0
30,5453,5811,47,1.5814915456373149,0.46,0.28,0.87,0.01992,0.17
29,3433,2174,39,2.7460444110611557,0.47,0.17,0.83,0.01941,0.14
62,1725,640,59,2.7316672151917256,0.37,0.3,0.85,0.01854,0.15
56,10616,1219,44,1.7396407002010463,0.37,0.49,0.83,0.0197,0.19
30,3401,4269,26,2.3434829267171122,0.47,0.48,0.84,0.01992,0.16
34,10172,2644,34,2.15657938041452,0.4,0.45,0.86,0.01992,0.04
38,3737,5967,40,1.5527371538984547,0.45,0.4,0.8,0.01992,0.09
17,10693,8585,25,2.7316672151917256,0.48,0.38,0.87,0.01941,0.04
27,7271,986,31,2.8323075862777367,0.32,0.21,0.81,0.01941,0.14
24,2937,787,36,1.7683950919399067,0.39,0.65,0.88,0.01941,0.14
23,6534,427,22,2.0271846175896493,0.49,0.24,0.8,0.01941,0.2
55,2654,324,26,1.8977898547647778,0.48,0.27,0.82,0.0197,0.01
33,10275,1297,23,1.6677547208538956,0.37,0.54,0.89,0.01992,0.1
24,7149,2835,58,1.5096055662901642,0.45,0.14,0.83,0.01941,0.03
69,10724,2640,23,2.1853337721533808,0.4,0.16,0.84,0.01854,0.1
18,4162,1284,36,2.12782498867566,0.38,0.51,0.8,0.01941,0.08
32,10387,648,22,2.0559390093285095,0.39,0.17,0.82,0.01992,0.0
21,1487,1289,44,2.1709565762839507,0.38,0.23,0.81,0.01941,0.14
38,10247,2878,44,1.595868741506745,0.48,0.34,0.85,0.01992,0.01
56,6553,864,27,2.3722373184559724,0.32,0.54,0.82,0.0197,0.12
64,9992,1007,25,2.228465359761671,0.36,0.42,0.83,0.01854,0.16
64,4169,536,33,1.9409214423730683,0.44,0.3,0.82,0.01854,0.12
43,9996,940,45,1.6102459373761753,0.33,0.36,0.8,0.02027,0.12
24,10434,955,29,1.7827722878093368,0.46,0.6,0.83,0.01941,0.17
27,10536,709,39,2.2572197515005312,0.49,0.69,0.89,0.01941,0.11
47,8361,971,54,2.3578601225865423,0.41,0.6,0.86,0.02027,0.18
29,10526,5703,58,1.8834126588953477,0.35,0.26,0.82,0.01941,0.18
21,6547,2460,30,2.530386473019704,0.4,0.38,0.85,0.01941,0.17
20,10703,5970,31,2.5878952564974242,0.4,0.37,0.85,0.01941,0.19
49,7803,597,52,1.7396407002010463,0.32,0.53,0.87,0.02027,0.05
16,10328,189,29,1.595868741506745,0.45,0.33,0.88,0.01941,0.11
45,10330,776,28,1.9696758341119285,0.34,0.46,0.83,0.02027,0.13
60,6237,568,52,2.8035531945388765,0.45,0.66,0.86,0.01854,0.03
21,10599,851,39,1.912167050634208,0.46,0.58,0.89,0.01941,0.17
16,10728,4215,36,2.3866145143254025,0.31,0.36,0.81,0.01941,0.12
25,5331,541,20,1.6390003291150355,0.39,0.26,0.87,0.01941,0.04
55,7396,608,25,2.429746101933693,0.32,0.14,0.81,0.0197,0.11
64,10478,990,26,2.0271846175896493,0.44,0.67,0.89,0.01854,0.14
31,7805,853,29,2.458500493672553,0.49,0.67,0.85,0.01992,0.15
23,10361,1156,40,2.2859741432393914,0.33,0.12,0.86,0.01941,0.12
23,1538,1723,55,1.6246231332456054,0.43,0.62,0.84,0.01941,0.06
31,2368,1138,39,1.495228370420734,0.42,0.36,0.85,0.01992,0.17
23,10518,21,51,2.645404039975145,0.39,0.69,0.82,0.01941,0.11
36,4163,9876,23,2.4009917101948326,0.36,0.27,0.87,0.01992,0.11
22,6023,9850,38,1.8546582671564875,0.33,0.19,0.86,0.01941,0.04
21,9861,9842,32,2.228465359761671,0.35,0.48,0.87,0.01941,0.09
49,4594,1052,47,1.9984302258507889,0.45,0.65,0.8,0.02027,0.13
42,7245,676,51,1.5814915456373149,0.48,0.35,0.8,0.02027,0.12
29,10574,1030,30,1.7252635043316162,0.47,0.61,0.87,0.01941,0.16
21,5867,84,24,1.9840530299813588,0.36,0.4,0.9,0.01941,0.09
21,6558,86,60,2.7316672151917256,0.31,0.14,0.89,0.01941,0.05
21,7415,9840,49,2.14220218454509,0.33,0.46,0.9,0.01941,0.05
47,5358,2196,34,2.7891759986694464,0.43,0.53,0.85,0.02027,0.18
16,10495,8934,56,2.3434829267171122,0.39,0.4,0.82,0.01941,0.12
28,7442,1069,59,2.861061978016597,0.43,0.18,0.8,0.01941,0.13
21,7622,214,48,1.811526679548197,0.34,0.33,0.88,0.01941,0.03
62,10426,901,36,1.9984302258507889,0.38,0.26,0.83,0.01854,0.02
48,6853,544,58,2.846684782147167,0.5,0.47,0.86,0.02027,0.06
16,6854,2721,43,2.7172900193222955,0.44,0.5,0.86,0.01941,0.03
43,10282,781,52,1.9984302258507889,0.41,0.23,0.89,0.02027,0.02
32,4172,1229,60,1.466473978681874,0.3,0.66,0.84,0.01992,0.01
35,5359,1771,42,1.5239827621595943,0.41,0.3,0.88,0.01992,0.14
25,10531,148,30,2.2715969473699613,0.42,0.61,0.83,0.01941,0.12
28,10155,1315,44,2.199710968022811,0.46,0.15,0.87,0.01941,0.07
16,10461,1575,39,2.6022724523668543,0.38,0.36,0.88,0.01941,0.02
56,1359,4366,52,1.682131916723326,0.44,0.11,0.86,0.0197,0.11
48,10055,5947,47,2.1853337721533808,0.42,0.36,0.83,0.02027,0.19
37,4180,1076,23,2.0846934010673697,0.37,0.19,0.8,0.01992,0.18
42,10221,147,37,1.5527371538984547,0.45,0.17,0.87,0.02027,0.05
44,2250,1086,39,2.14220218454509,0.41,0.17,0.84,0.02027,0.02
66,10310,422,42,2.3003513391088215,0.44,0.48,0.88,0.01854,0.03
27,10442,61,33,1.5671143497678848,0.32,0.54,0.87,0.01941,0.04
35,2656,805,52,1.5671143497678848,0.48,0.3,0.85,0.01992,0.0
29,1480,1442,36,2.616649648236285,0.38,0.39,0.86,0.01941,0.02
27,4180,702,22,2.3003513391088215,0.41,0.3,0.9,0.01941,0.1
33,6550,971,40,2.645404039975145,0.39,0.62,0.89,0.01992,0.1
18,1301,8947,21,2.0990705969367998,0.44,0.7,0.84,0.01941,0.17
38,10570,849,34,2.3866145143254025,0.41,0.52,0.81,0.01992,0.03
22,6678,975,40,2.7891759986694464,0.39,0.17,0.88,0.01941,0.09
17,1534,2747,36,2.329105730847682,0.32,0.53,0.82,0.01941,0.17
27,3395,4192,47,2.3147285349782516,0.49,0.28,0.86,0.01941,0.02
17,5713,3080,60,1.5814915456373149,0.42,0.36,0.81,0.01941,0.12
52,6606,598,40,1.6246231332456054,0.48,0.3,0.88,0.0197,0.11
24,8139,11449,44,1.7252635043316162,0.46,0.38,0.81,0.01941,0.15
41,6545,5970,51,2.760421606930586,0.4,0.64,0.86,0.02027,0.14
66,7249,1252,50,1.9265442465036382,0.41,0.36,0.87,0.01854,0.15
51,10551,1069,21,1.912167050634208,0.49,0.28,0.9,0.0197,0.17
48,9052,3563,44,2.329105730847682,0.45,0.45,0.87,0.02027,0.05
15,7455,4210,21,1.682131916723326,0.39,0.47,0.84,0.01941,0.16
49,10591,6014,22,1.480851174551304,0.42,0.59,0.89,0.02027,0.09
31,6552,1075,24,2.7460444110611557,0.39,0.6,0.8,0.01992,0.12
15,6866,1178,56,2.429746101933693,0.37,0.64,0.88,0.01941,0.02
20,3740,992,20,2.0415618134590794,0.35,0.5,0.87,0.01941,0.04
24,10592,1016,42,2.3578601225865423,0.45,0.6,0.9,0.01941,0.06
24,7713,1153,48,2.214088163892241,0.31,0.41,0.82,0.01941,0.02
15,7402,228,52,2.516009277150274,0.45,0.14,0.83,0.01941,0.14
29,6681,1090,37,2.8035531945388765,0.35,0.5,0.85,0.01941,0.18
29,10576,784,33,2.2859741432393914,0.45,0.13,0.84,0.01941,0.01
59,4176,864,27,2.228465359761671,0.48,0.51,0.83,0.0197,0.08
25,10355,161,52,2.516009277150274,0.35,0.68,0.84,0.01941,0.01
37,10495,777,25,2.11344779280623,0.34,0.51,0.89,0.01992,0.03
36,1311,667,53,1.7396407002010463,0.38,0.43,0.9,0.01992,0.1
44,10442,148,50,1.5671143497678848,0.3,0.12,0.81,0.02027,0.05
44,8158,4778,22,2.6885356275834353,0.32,0.39,0.87,0.02027,0.14
16,6842,4193,36,2.861061978016597,0.31,0.36,0.82,0.01941,0.02
38,10531,446,34,2.8035531945388765,0.4,0.69,0.88,0.01992,0.09
23,7816,1103,52,2.12782498867566,0.44,0.53,0.84,0.01941,0.08
29,10712,1726,50,2.329105730847682,0.49,0.36,0.85,0.01941,0.14
44,7724,2646,48,1.9265442465036382,0.38,0.59,0.8,0.02027,0.05
26,10549,5517,32,1.4377195869430135,0.46,0.43,0.83,0.01941,0.03
27,4179,914,48,2.12782498867566,0.45,0.19,0.89,0.01941,0.15
71,10682,993,32,2.659781235844575,0.39,0.26,0.86,0.01719,0.08
21,9014,1060,34,2.1853337721533808,0.4,0.7,0.88,0.01941,0.16
25,8896,1006,40,2.0703162051979396,0.43,0.24,0.88,0.01941,0.12
17,1750,5222,39,1.9984302258507889,0.49,0.43,0.81,0.01941,0.13
44,10509,1438,50,1.912167050634208,0.31,0.33,0.82,0.02027,0.11
56,10483,304,31,2.7891759986694464,0.32,0.59,0.85,0.0197,0.13
26,1725,1021,55,1.912167050634208,0.43,0.27,0.87,0.01941,0.19
30,10728,1159,54,1.7683950919399067,0.44,0.15,0.85,0.01992,0.04
42,3582,1686,44,2.7029128234528654,0.43,0.28,0.83,0.02027,0.2
21,3760,695,47,2.3003513391088215,0.32,0.42,0.87,0.01941,0.14
40,10476,510,29,2.0128074217202188,0.47,0.58,0.85,0.02027,0.03
53,6525,2576,35,1.7396407002010463,0.33,0.44,0.89,0.0197,0.13
48,10539,924,30,1.8977898547647778,0.43,0.63,0.83,0.02027,0.19
48,10477,2534,38,2.3866145143254025,0.33,0.57,0.87,0.02027,0.03
22,10747,3602,42,1.7540178960704764,0.49,0.7,0.82,0.01941,0.06
19,1300,1280,42,2.6885356275834353,0.4,0.31,0.85,0.01941,0.04
43,4328,364,54,1.6390003291150355,0.32,0.25,0.9,0.02027,0.03
20,1183,524,27,2.4872548854114136,0.36,0.55,0.88,0.01941,0.04
32,10289,542,22,2.530386473019704,0.47,0.69,0.87,0.01992,0.06
47,7247,1094,53,2.0128074217202188,0.35,0.47,0.84,0.02027,0.08
68,7716,936,37,1.6390003291150355,0.46,0.26,0.88,0.01854,0.15
19,6871,3850,33,1.682131916723326,0.42,0.52,0.84,0.01941,0.18
68,4159,499,46,1.8977898547647778,0.4,0.28,0.88,0.01854,0.18
31,10416,470,53,2.8323075862777367,0.4,0.65,0.88,0.01992,0.13
36,4168,1770,42,2.7029128234528654,0.45,0.2,0.85,0.01992,0.02
29,10071,166,22,1.5671143497678848,0.46,0.25,0.82,0.01941,0.17
44,1534,1682,27,2.760421606930586,0.34,0.38,0.82,0.02027,0.19
34,7415,1573,28,1.682131916723326,0.3,0.5,0.84,0.01992,0.11
59,2778,4400,39,2.458500493672553,0.33,0.3,0.89,0.0197,0.11
74,1739,63,42,2.616649648236285,0.46,0.57,0.87,0.01719,0.15
18,7716,9420,59,2.1709565762839507,0.34,0.54,0.86,0.01941,0.16
50,10651,2644,22,1.4520967828124436,0.36,0.53,0.86,0.0197,0.04
37,9035,457,28,1.466473978681874,0.32,0.47,0.84,0.01992,0.2
73,1811,1430,56,1.595868741506745,0.5,0.58,0.84,0.01719,0.09
17,8167,1245,32,1.696509112592756,0.42,0.5,0.86,0.01941,0.03
37,10696,1174,57,1.4520967828124436,0.37,0.12,0.85,0.01992,0.19
16,1490,8958,37,2.0128074217202188,0.47,0.69,0.85,0.01941,0.11
59,5796,628,27,2.4872548854114136,0.49,0.16,0.82,0.0197,0.12
54,7133,536,40,1.7396407002010463,0.46,0.62,0.89,0.0197,0.14
25,8161,848,22,1.6533775249844656,0.43,0.68,0.83,0.01941,0.02
53,9849,1246,21,2.8035531945388765,0.38,0.16,0.82,0.0197,0.09
18,7134,5808,58,2.0559390093285095,0.38,0.44,0.83,0.01941,0.05
49,3055,1289,45,2.7891759986694464,0.38,0.5,0.82,0.02027,0.06
39,10681,2328,29,2.846684782147167,0.35,0.67,0.89,0.01992,0.07
47,3736,417,59,1.480851174551304,0.48,0.27,0.85,0.02027,0.16
62,3067,203,59,2.3722373184559724,0.47,0.35,0.85,0.01854,0.09
26,3224,1044,42,2.0703162051979396,0.33,0.18,0.87,0.01941,0.04
41,5733,483,42,2.3147285349782516,0.31,0.57,0.84,0.02027,0.1
64,10251,1154,28,1.912167050634208,0.45,0.6,0.85,0.01854,0.19
43,10538,2669,46,1.6246231332456054,0.39,0.31,0.85,0.02027,0.08
27,5903,2681,49,2.6885356275834353,0.45,0.41,0.82,0.01941,0.15
29,7728,5771,44,1.7396407002010463,0.49,0.21,0.86,0.01941,0.13
32,10523,1001,53,2.15657938041452,0.41,0.64,0.81,0.01992,0.11
22,10247,5533,50,1.7108863084621861,0.49,0.5,0.84,0.01941,0.15
45,7270,4221,45,2.2572197515005312,0.33,0.41,0.82,0.02027,0.02
61,10256,203,22,1.8977898547647778,0.44,0.51,0.84,0.01854,0.05
37,6854,701,25,2.3866145143254025,0.38,0.54,0.85,0.01992,0.11
39,7384,23,20,1.696509112592756,0.35,0.33,0.8,0.01992,0.09
20,10502,3602,36,2.8179303904083066,0.38,0.1,0.84,0.01941,0.07
40,7393,623,34,2.429746101933693,0.39,0.42,0.87,0.02027,0.01
19,8166,4422,21,2.5016320812808437,0.36,0.54,0.88,0.01941,0.01
30,10320,2671,23,2.15657938041452,0.46,0.45,0.84,0.01992,0.0
36,6840,379,40,2.8035531945388765,0.45,0.37,0.88,0.01992,0.07
25,8372,2644,32,2.14220218454509,0.4,0.31,0.88,0.01941,0.01
30,9969,1075,30,2.214088163892241,0.44,0.42,0.82,0.01992,0.16
42,7263,926,43,2.6022724523668543,0.49,0.14,0.89,0.02027,0.1
16,2656,101,30,1.9984302258507889,0.44,0.5,0.81,0.01941,0.04
26,4164,297,57,2.659781235844575,0.37,0.62,0.82,0.01941,0.01
27,10114,1053,41,2.7747988028000163,0.31,0.55,0.88,0.01941,0.09
51,10536,1278,38,2.4153689060642627,0.3,0.63,0.81,0.0197,0.04
32,9809,526,45,1.5239827621595943,0.39,0.28,0.87,0.01992,0.03
20,10251,1106,36,2.875439173886027,0.48,0.2,0.84,0.01941,0.2
16,10506,2479,28,2.3434829267171122,0.33,0.25,0.81,0.01941,0.0
20,1304,1018,40,2.12782498867566,0.49,0.62,0.81,0.01941,0.01
27,10165,1000,48,1.797149483678767,0.39,0.35,0.85,0.01941,0.18
71,10571,9876,47,1.4520967828124436,0.41,0.44,0.82,0.01719,0.17
23,1243,683,34,2.0271846175896493,0.43,0.38,0.82,0.01941,0.18
73,1633,1298,28,1.6246231332456054,0.31,0.41,0.89,0.01719,0.19
23,7756,1062,26,1.9409214423730683,0.44,0.14,0.9,0.01941,0.04
24,10714,1004,48,1.480851174551304,0.35,0.6,0.84,0.01941,0.06
38,10672,1105,44,2.3578601225865423,0.34,0.19,0.88,0.01992,0.18
20,2509,884,55,1.6102459373761753,0.43,0.54,0.9,0.01941,0.15
25,5313,376,59,2.760421606930586,0.41,0.3,0.83,0.01941,0.07
24,10442,851,28,1.8690354630259176,0.37,0.47,0.85,0.01941,0.06
50,6783,892,59,2.3003513391088215,0.47,0.14,0.88,0.0197,0.19
29,10385,10117,28,2.11344779280623,0.48,0.39,0.83,0.01941,0.09
23,10416,434,56,1.9840530299813588,0.45,0.29,0.83,0.01941,0.17
53,10049,1559,42,2.329105730847682,0.48,0.12,0.88,0.0197,0.15
31,10401,497,26,2.0271846175896493,0.45,0.27,0.81,0.01992,0.13
52,8166,459,56,2.4009917101948326,0.43,0.36,0.87,0.0197,0.18
28,5313,2915,37,2.3147285349782516,0.45,0.37,0.81,0.01941,0.02
18,7205,3144,46,2.4009917101948326,0.44,0.26,0.83,0.01941,0.05
46,10374,499,57,2.6741584317140052,0.46,0.3,0.83,0.02027,0.05
37,10658,1716,42,2.5016320812808437,0.43,0.42,0.89,0.01992,0.1
57,5732,474,24,2.3722373184559724,0.38,0.65,0.8,0.0197,0.11
18,10658,2185,46,2.616649648236285,0.33,0.24,0.87,0.01941,0.19
28,10245,1031,41,2.0990705969367998,0.5,0.24,0.84,0.01941,0.03
27,3746,417,40,2.3722373184559724,0.33,0.22,0.85,0.01941,0.1
27,2437,2899,38,1.8402810712870574,0.45,0.21,0.9,0.01941,0.12
19,10055,3932,37,2.8035531945388765,0.31,0.58,0.8,0.01941,0.09
38,10364,672,33,2.7460444110611557,0.31,0.64,0.84,0.01992,0.09
21,3396,900,51,1.5096055662901642,0.49,0.42,0.86,0.01941,0.08
60,7718,3773,32,1.7683950919399067,0.4,0.65,0.84,0.01854,0.14
48,10517,1335,38,2.544763668889134,0.35,0.47,0.8,0.02027,0.16
61,10436,955,44,1.8402810712870574,0.34,0.41,0.85,0.01854,0.2
17,10329,2323,38,2.4153689060642627,0.45,0.13,0.84,0.01941,0.09
39,1506,1578,52,2.0846934010673697,0.34,0.35,0.8,0.01992,0.02
33,10321,438,20,2.228465359761671,0.45,0.69,0.87,0.01992,0.15
41,10610,969,45,1.495228370420734,0.49,0.46,0.83,0.02027,0.01
46,7731,29,55,2.7029128234528654,0.31,0.53,0.83,0.02027,0.15
17,7206,2876,37,2.0128074217202188,0.32,0.24,0.87,0.01941,0.02
40,10379,550,46,2.458500493672553,0.41,0.26,0.87,0.02027,0.09
31,10270,417,59,2.14220218454509,0.42,0.18,0.87,0.01992,0.03
35,8176,3603,52,2.7891759986694464,0.3,0.28,0.83,0.01992,0.19
51,10602,3826,47,1.811526679548197,0.39,0.65,0.88,0.0197,0.02
33,10448,5386,26,2.429746101933693,0.38,0.4,0.88,0.01992,0.18
21,7300,2992,53,1.6246231332456054,0.33,0.43,0.86,0.01941,0.17
21,10319,612,48,1.4377195869430135,0.48,0.67,0.86,0.01941,0.14
24,4172,209,32,2.0846934010673697,0.47,0.44,0.89,0.01941,0.14
16,7151,8943,33,2.0846934010673697,0.5,0.19,0.88,0.01941,0.13
39,10706,987,52,1.4520967828124436,0.32,0.11,0.86,0.01992,0.04
34,10591,10371,42,1.5814915456373149,0.32,0.37,0.83,0.01992,0.04
38,1171,195,42,2.5878952564974242,0.45,0.23,0.89,0.01992,0.14
46,10050,5886,52,2.4728776895419835,0.38,0.46,0.86,0.02027,0.12
54,6616,2662,23,2.3866145143254025,0.31,0.61,0.83,0.0197,0.13
46,9859,197,29,2.875439173886027,0.31,0.35,0.8,0.02027,0.01
49,1363,880,57,2.7891759986694464,0.3,0.13,0.8,0.02027,0.05
27,10267,887,54,2.2572197515005312,0.32,0.12,0.89,0.01941,0.05
47,9987,890,52,2.7316672151917256,0.47,0.19,0.84,0.02027,0.18
43,10324,162,21,2.7891759986694464,0.31,0.31,0.84,0.02027,0.17
45,10610,82,23,1.5239827621595943,0.39,0.2,0.88,0.02027,0.12
21,10310,699,24,2.659781235844575,0.31,0.43,0.85,0.01941,0.14
44,10630,118,23,2.6022724523668543,0.43,0.43,0.89,0.02027,0.09
27,1396,1031,21,1.9840530299813588,0.3,0.68,0.89,0.01941,0.12
38,9012,869,48,2.4872548854114136,0.46,0.63,0.85,0.01992,0.02
20,10564,1069,34,2.0128074217202188,0.37,0.28,0.88,0.01941,0.09
20,7251,799,58,2.429746101933693,0.37,0.12,0.88,0.01941,0.03
22,9006,1046,60,2.5016320812808437,0.43,0.38,0.83,0.01941,0.09
38,10490,928,32,1.9696758341119285,0.45,0.31,0.9,0.01992,0.09
44,10072,544,48,1.8546582671564875,0.32,0.18,0.88,0.02027,0.01
29,8170,182,40,1.9409214423730683,0.47,0.29,0.88,0.01941,0.11
56,2552,181,54,2.7891759986694464,0.43,0.24,0.84,0.0197,0.17
73,7265,582,51,1.5527371538984547,0.36,0.22,0.85,0.01719,0.04
30,10241,582,20,2.7172900193222955,0.36,0.23,0.85,0.01992,0.05
56,10694,2348,45,1.4520967828124436,0.42,0.23,0.86,0.0197,0.05
47,10247,155,48,2.1853337721533808,0.41,0.19,0.89,0.02027,0.09
38,10554,450,39,2.329105730847682,0.44,0.57,0.83,0.01992,0.19
44,8143,2535,40,1.595868741506745,0.32,0.47,0.84,0.02027,0.02
17,10609,3789,42,2.760421606930586,0.48,0.66,0.86,0.01941,0.17
62,5729,304,30,2.12782498867566,0.44,0.43,0.84,0.01854,0.09
22,1231,343,51,2.5016320812808437,0.42,0.52,0.84,0.01941,0.11
38,10725,694,50,2.11344779280623,0.46,0.21,0.8,0.01992,0.17
51,2940,894,56,1.9409214423730683,0.39,0.52,0.88,0.0197,0.01
27,3712,5967,35,2.616649648236285,0.47,0.53,0.86,0.01941,0.18
19,10682,3786,34,2.7316672151917256,0.36,0.55,0.88,0.01941,0.14
61,10354,3176,33,1.7396407002010463,0.38,0.49,0.88,0.01854,0.16
34,7245,293,23,2.861061978016597,0.37,0.69,0.83,0.01992,0.08
65,5468,8987,38,2.7029128234528654,0.47,0.39,0.84,0.01854,0.08
69,1235,7980,28,2.7891759986694464,0.37,0.52,0.81,0.01854,0.17
20,7285,9839,40,1.5671143497678848,0.35,0.16,0.86,0.01941,0.16
38,7398,451,53,2.199710968022811,0.32,0.18,0.88,0.01992,0.02
34,5356,9591,40,2.429746101933693,0.47,0.42,0.85,0.01992,0.07
17,10448,4215,47,2.544763668889134,0.43,0.4,0.83,0.01941,0.09
38,3437,510,42,1.5239827621595943,0.47,0.66,0.85,0.01992,0.11
35,6541,362,40,2.659781235844575,0.35,0.55,0.84,0.01992,0.04
43,7269,974,31,1.9552986382424984,0.49,0.36,0.84,0.02027,0.05
16,6862,4210,29,2.616649648236285,0.49,0.59,0.86,0.01941,0.11
23,8989,701,21,1.4520967828124436,0.48,0.58,0.9,0.01941,0.05
15,2937,3789,46,1.9696758341119285,0.48,0.26,0.85,0.01941,0.11
60,7451,4356,34,2.516009277150274,0.42,0.45,0.84,0.01854,0.08
43,10452,392,38,2.0559390093285095,0.41,0.65,0.83,0.02027,0.2
48,6562,857,51,1.7108863084621861,0.35,0.56,0.83,0.02027,0.09
34,7270,669,45,1.7683950919399067,0.39,0.45,0.83,0.01992,0.19
29,7143,1313,48,1.6102459373761753,0.43,0.52,0.87,0.01941,0.06
29,1544,1115,50,1.7252635043316162,0.45,0.55,0.8,0.01941,0.03
37,9061,1241,33,2.458500493672553,0.41,0.42,0.87,0.01992,0.18
19,10442,2884,34,1.6533775249844656,0.38,0.69,0.82,0.01941,0.04
20,10677,8872,46,2.214088163892241,0.41,0.31,0.82,0.01941,0.02
22,2820,922,24,2.6741584317140052,0.32,0.6,0.82,0.01941,0.17
64,2437,2351,38,2.199710968022811,0.39,0.55,0.89,0.01854,0.03
21,7712,1611,59,1.7108863084621861,0.3,0.11,0.85,0.01941,0.09
46,10320,547,45,2.3866145143254025,0.31,0.19,0.82,0.02027,0.18
24,10242,3176,48,2.875439173886027,0.39,0.69,0.88,0.01941,0.15
46,9033,238,56,1.682131916723326,0.32,0.17,0.81,0.02027,0.01
38,10662,1107,50,1.5527371538984547,0.36,0.19,0.81,0.01992,0.15
27,3729,548,31,2.760421606930586,0.41,0.14,0.81,0.01941,0.19
17,4121,1257,22,2.760421606930586,0.44,0.47,0.86,0.01941,0.03
52,2370,161,22,2.8179303904083066,0.44,0.64,0.87,0.0197,0.1
50,5469,28,22,1.9265442465036382,0.35,0.46,0.81,0.0197,0.2
25,6617,794,55,2.645404039975145,0.47,0.4,0.85,0.01941,0.01
35,8171,978,56,1.7683950919399067,0.38,0.43,0.8,0.01992,0.08
25,10325,801,45,2.2715969473699613,0.48,0.58,0.85,0.01941,0.09
55,10528,609,33,2.3147285349782516,0.49,0.17,0.82,0.0197,0.07
59,7453,660,31,1.912167050634208,0.41,0.53,0.82,0.0197,0.15
