age,house_id,workSchool_id,waitingTolerance,distanceTolerance,transportation_preference,unruliness,jaywalking,speed,allelomimetic
18,6621,2457,31,2.8035531945388765,0.32,0.24,0.87,0.01941,0.16
59,9023,8588,23,2.530386473019704,0.48,0.19,0.85,0.0197,0.11
16,8132,1617,35,2.4728776895419835,0.3,0.27,0.86,0.01941,0.14
28,5647,8364,27,2.4009917101948326,0.33,0.28,0.85,0.01941,0.02
26,120,8361,45,2.0128074217202188,0.43,0.55,0.85,0.01941,0.06
17,7596,2002,21,2.3147285349782516,0.38,0.15,0.8,0.01941,0.19
31,6648,8299,36,2.0415618134590794,0.35,0.67,0.85,0.01992,0.12
49,9740,8360,54,1.5527371538984547,0.4,0.49,0.81,0.02027,0.15
24,6886,2071,53,2.6885356275834353,0.33,0.12,0.87,0.01941,0.16
16,7374,209,30,1.7252635043316162,0.48,0.43,0.84,0.01941,0.04
32,8954,4527,24,1.7252635043316162,0.42,0.21,0.85,0.01992,0.0
20,4989,8403,30,2.875439173886027,0.47,0.35,0.87,0.01941,0.04
20,3132,2779,41,1.6533775249844656,0.34,0.29,0.85,0.01941,0.06
29,1717,6855,56,2.7460444110611557,0.34,0.62,0.9,0.01941,0.15
49,4734,8588,54,2.7460444110611557,0.47,0.27,0.81,0.02027,0.09
35,5500,2779,37,2.659781235844575,0.33,0.59,0.87,0.01992,0.09
53,6747,212,52,1.6533775249844656,0.4,0.29,0.86,0.0197,0.11
32,5026,8359,28,1.9984302258507889,0.37,0.7,0.86,0.01992,0.11
27,3926,2071,22,2.645404039975145,0.34,0.19,0.83,0.01941,0.11
27,224,8363,26,1.6390003291150355,0.49,0.43,0.88,0.01941,0.17
67,5701,8402,28,1.696509112592756,0.36,0.15,0.88,0.01854,0.16
56,1361,4505,40,2.616649648236285,0.39,0.31,0.89,0.0197,0.07
21,2282,3408,55,1.4377195869430135,0.4,0.63,0.87,0.01941,0.02
50,8133,212,52,2.5016320812808437,0.44,0.19,0.88,0.0197,0.07
16,410,1341,47,2.228465359761671,0.49,0.66,0.82,0.01941,0.1
30,2940,8321,55,2.0703162051979396,0.48,0.2,0.83,0.01992,0.14
26,1481,8288,43,1.7396407002010463,0.33,0.17,0.85,0.01941,0.05
43,6407,8424,57,2.0128074217202188,0.37,0.25,0.9,0.02027,0.03
58,5900,3408,43,2.7316672151917256,0.33,0.45,0.9,0.0197,0.2
50,8748,8322,34,2.8179303904083066,0.49,0.56,0.85,0.0197,0.02
16,1691,9061,31,2.7891759986694464,0.44,0.23,0.81,0.01941,0.13
54,3764,8403,44,1.6677547208538956,0.32,0.41,0.84,0.0197,0.13
50,9526,2071,59,2.7747988028000163,0.36,0.43,0.88,0.0197,0.14
33,8511,8361,26,2.6885356275834353,0.44,0.62,0.85,0.01992,0.19
17,2452,4423,24,1.8402810712870574,0.48,0.22,0.85,0.01941,0.08
33,4526,8303,58,2.5016320812808437,0.5,0.67,0.8,0.01992,0.01
26,2468,8401,59,1.6677547208538956,0.45,0.43,0.89,0.01941,0.04
48,1287,6855,22,1.6246231332456054,0.4,0.22,0.81,0.02027,0.18
36,2074,2071,40,2.0990705969367998,0.42,0.52,0.83,0.01992,0.12
19,7798,9061,51,2.14220218454509,0.43,0.18,0.89,0.01941,0.09
28,8652,468,49,2.199710968022811,0.36,0.1,0.85,0.01941,0.03
35,5368,2516,26,1.480851174551304,0.46,0.57,0.83,0.01992,0.14
26,6567,4515,21,1.825903875417627,0.33,0.43,0.84,0.01941,0.1
56,7246,6855,20,2.0990705969367998,0.32,0.22,0.82,0.0197,0.05
29,8657,1206,40,2.6022724523668543,0.31,0.39,0.85,0.01941,0.08
26,7836,8360,58,2.214088163892241,0.46,0.32,0.84,0.01941,0.12
17,8438,207,47,2.544763668889134,0.45,0.5,0.81,0.01941,0.16
40,6054,8558,30,1.466473978681874,0.31,0.19,0.83,0.02027,0.11
70,1898,8588,34,1.7827722878093368,0.48,0.47,0.81,0.01719,0.15
44,447,8373,37,2.6022724523668543,0.39,0.56,0.83,0.02027,0.18
34,4317,8360,33,1.8546582671564875,0.41,0.63,0.82,0.01992,0.19
32,1665,1124,60,2.7029128234528654,0.4,0.48,0.84,0.01992,0.17
24,3992,1585,29,2.559140864758564,0.37,0.67,0.85,0.01941,0.07
25,8323,8558,40,2.4728776895419835,0.31,0.29,0.82,0.01941,0.15
65,679,8291,38,2.530386473019704,0.45,0.1,0.83,0.01854,0.17
41,8166,8289,54,1.8690354630259176,0.35,0.58,0.86,0.02027,0.09
20,1472,8423,29,2.8323075862777367,0.48,0.17,0.85,0.01941,0.18
52,8148,3408,33,2.0990705969367998,0.45,0.16,0.89,0.0197,0.16
62,1982,2140,52,2.214088163892241,0.37,0.3,0.8,0.01854,0.0
62,3046,468,22,2.516009277150274,0.4,0.53,0.87,0.01854,0.0
67,5595,4523,27,2.3147285349782516,0.5,0.53,0.86,0.01854,0.11
57,9687,4523,51,2.4153689060642627,0.43,0.16,0.85,0.0197,0.06
21,1526,8402,51,2.544763668889134,0.46,0.61,0.89,0.01941,0.01
31,728,8362,46,2.631026844105715,0.37,0.69,0.84,0.01992,0.07
26,8200,4505,33,2.516009277150274,0.39,0.24,0.84,0.01941,0.15
26,7329,2516,22,2.1709565762839507,0.5,0.63,0.89,0.01941,0.07
43,9856,8588,26,1.6102459373761753,0.32,0.67,0.84,0.02027,0.12
27,3680,1632,51,2.214088163892241,0.36,0.32,0.89,0.01941,0.1
40,9231,8419,25,2.0846934010673697,0.37,0.5,0.88,0.02027,0.02
47,4080,1392,33,2.631026844105715,0.5,0.29,0.8,0.02027,0.07
54,253,4444,53,2.4872548854114136,0.39,0.36,0.89,0.0197,0.13
45,853,8365,32,2.0703162051979396,0.3,0.24,0.9,0.02027,0.1
41,4220,8365,55,2.8323075862777367,0.41,0.16,0.88,0.02027,0.0
47,4991,8361,28,2.631026844105715,0.39,0.58,0.88,0.02027,0.0
16,8606,3056,32,1.4377195869430135,0.49,0.16,0.86,0.01941,0.04
50,2182,8291,21,2.214088163892241,0.39,0.36,0.81,0.0197,0.08
44,2902,8401,49,2.4153689060642627,0.49,0.5,0.88,0.02027,0.1
26,5001,8288,32,2.7316672151917256,0.38,0.18,0.88,0.01941,0.04
48,3600,3410,57,2.7316672151917256,0.36,0.46,0.8,0.02027,0.08
18,6026,7443,48,1.5096055662901642,0.48,0.37,0.84,0.01941,0.02
15,9604,1845,29,2.0415618134590794,0.35,0.52,0.89,0.01941,0.04
30,8306,8299,42,1.811526679548197,0.36,0.16,0.9,0.01992,0.16
25,4633,1585,44,1.495228370420734,0.44,0.48,0.86,0.01941,0.1
33,4042,1585,52,1.4520967828124436,0.47,0.45,0.81,0.01992,0.14
15,1330,415,23,1.5383599580290246,0.48,0.65,0.84,0.01941,0.07
46,8764,1392,34,2.7747988028000163,0.36,0.62,0.84,0.02027,0.1
26,305,4444,35,2.14220218454509,0.35,0.15,0.85,0.01941,0.07
45,9360,8424,25,2.3722373184559724,0.32,0.58,0.8,0.02027,0.08
16,8091,207,52,2.7172900193222955,0.44,0.4,0.88,0.01941,0.11
35,4888,8403,22,2.659781235844575,0.43,0.58,0.85,0.01992,0.04
29,8625,8419,35,2.659781235844575,0.49,0.46,0.85,0.01941,0.08
37,7505,8359,29,1.912167050634208,0.47,0.52,0.85,0.01992,0.16
36,5768,8364,23,2.458500493672553,0.42,0.69,0.85,0.01992,0.08
25,682,1968,36,1.5096055662901642,0.48,0.67,0.89,0.01941,0.1
45,4313,8365,44,2.6741584317140052,0.47,0.41,0.89,0.02027,0.19
32,5642,8364,26,2.3866145143254025,0.42,0.42,0.86,0.01992,0.11
36,7855,8289,41,2.242842555631101,0.32,0.62,0.81,0.01992,0.1
21,83,1585,30,2.0415618134590794,0.33,0.13,0.83,0.01941,0.18
59,3414,1206,55,2.7029128234528654,0.31,0.63,0.87,0.0197,0.12
56,9077,2011,54,2.3434829267171122,0.35,0.29,0.84,0.0197,0.08
48,4422,8588,42,2.2859741432393914,0.44,0.52,0.87,0.02027,0.08
18,2349,1843,59,1.8977898547647778,0.43,0.46,0.89,0.01941,0.18
54,6877,1968,22,1.8546582671564875,0.4,0.37,0.83,0.0197,0.14
45,558,8403,36,2.3578601225865423,0.45,0.38,0.86,0.02027,0.04
58,5310,8362,59,2.242842555631101,0.33,0.63,0.82,0.0197,0.05
58,3732,8419,33,1.8402810712870574,0.45,0.46,0.88,0.0197,0.14
32,5721,8365,46,2.516009277150274,0.3,0.26,0.82,0.01992,0.11
39,3997,8373,60,2.573518060627994,0.48,0.35,0.81,0.01992,0.01
42,7595,4515,52,1.682131916723326,0.42,0.38,0.81,0.02027,0.07
22,7901,8291,54,2.0846934010673697,0.45,0.63,0.88,0.01941,0.08
41,3699,2011,52,1.9984302258507889,0.48,0.24,0.84,0.02027,0.09
32,9281,4523,52,2.3866145143254025,0.43,0.7,0.81,0.01992,0.01
35,6293,8299,54,1.8402810712870574,0.31,0.63,0.8,0.01992,0.18
15,8187,1706,58,2.3722373184559724,0.3,0.1,0.84,0.01941,0.17
71,9550,4523,51,2.0271846175896493,0.49,0.21,0.85,0.01719,0.14
16,541,7464,36,2.0990705969367998,0.48,0.68,0.85,0.01941,0.05
53,6860,2158,44,2.14220218454509,0.33,0.38,0.81,0.0197,0.06
31,5613,2158,25,1.6246231332456054,0.41,0.48,0.85,0.01992,0.11
29,542,4523,45,2.6885356275834353,0.31,0.68,0.88,0.01941,0.12
55,8990,4444,26,2.616649648236285,0.32,0.4,0.87,0.0197,0.12
60,7649,1585,49,2.544763668889134,0.48,0.39,0.81,0.01854,0.17
18,2322,288,39,2.4009917101948326,0.44,0.12,0.88,0.01941,0.0
24,7146,1968,25,2.516009277150274,0.37,0.46,0.88,0.01941,0.07
55,9334,8401,39,2.7460444110611557,0.3,0.43,0.88,0.0197,0.14
25,9514,8362,59,2.12782498867566,0.31,0.14,0.82,0.01941,0.17
18,248,210,36,2.7316672151917256,0.44,0.53,0.82,0.01941,0.19
20,3970,1632,54,2.0703162051979396,0.47,0.12,0.82,0.01941,0.15
73,5232,3408,33,2.7460444110611557,0.45,0.23,0.82,0.01719,0.12
19,2836,7464,35,2.573518060627994,0.39,0.17,0.84,0.01941,0.19
44,3888,8364,26,2.7460444110611557,0.33,0.65,0.9,0.02027,0.06
41,4409,2071,36,2.444123297803123,0.35,0.44,0.88,0.02027,0.03
17,1663,4358,24,2.631026844105715,0.5,0.35,0.83,0.01941,0.17
29,3345,2011,29,2.530386473019704,0.37,0.36,0.82,0.01941,0.02
22,4745,259,30,2.616649648236285,0.5,0.55,0.88,0.01941,0.07
24,3231,468,39,1.7252635043316162,0.32,0.59,0.83,0.01941,0.19
16,4483,192,54,1.595868741506745,0.37,0.43,0.84,0.01941,0.13
18,4103,241,28,2.228465359761671,0.32,0.26,0.84,0.01941,0.06
41,9432,4515,25,1.6533775249844656,0.48,0.54,0.9,0.02027,0.18
34,2196,8364,36,1.4377195869430135,0.31,0.36,0.87,0.01992,0.02
67,3389,8303,45,2.2859741432393914,0.48,0.39,0.83,0.01854,0.03
34,1873,212,52,2.4153689060642627,0.35,0.38,0.88,0.01992,0.06
34,8094,2158,36,2.631026844105715,0.41,0.64,0.87,0.01992,0.03
23,1340,4527,21,2.645404039975145,0.37,0.23,0.8,0.01941,0.08
16,6346,195,31,2.2572197515005312,0.43,0.11,0.88,0.01941,0.16
23,9664,4505,57,1.595868741506745,0.45,0.11,0.81,0.01941,0.01
21,8644,1585,37,1.5671143497678848,0.48,0.67,0.86,0.01941,0.01
70,4928,8321,25,2.15657938041452,0.36,0.42,0.8,0.01719,0.13
25,801,2158,33,1.7252635043316162,0.48,0.38,0.82,0.01941,0.17
44,8546,4523,34,1.495228370420734,0.31,0.24,0.87,0.02027,0.03
16,4194,4421,56,1.8402810712870574,0.49,0.11,0.88,0.01941,0.15
35,9808,4527,28,2.2715969473699613,0.39,0.69,0.87,0.01992,0.18
56,6076,8289,41,1.5671143497678848,0.49,0.6,0.83,0.0197,0.04
58,9841,8289,39,2.242842555631101,0.49,0.25,0.84,0.0197,0.0
36,6566,1124,48,2.616649648236285,0.4,0.41,0.9,0.01992,0.09
17,6356,4358,34,2.7316672151917256,0.31,0.22,0.87,0.01941,0.05
19,4721,4358,52,2.6741584317140052,0.5,0.3,0.81,0.01941,0.05
62,3607,4527,23,1.9840530299813588,0.41,0.28,0.89,0.01854,0.04
32,2307,8361,26,1.696509112592756,0.34,0.49,0.86,0.01992,0.16
16,989,4104,53,2.214088163892241,0.4,0.52,0.84,0.01941,0.15
50,3710,259,34,1.9984302258507889,0.3,0.37,0.82,0.0197,0.09
49,5567,8288,53,2.5016320812808437,0.39,0.53,0.83,0.02027,0.08
30,2376,2779,52,2.2715969473699613,0.35,0.18,0.81,0.01992,0.14
30,7530,1392,29,1.912167050634208,0.31,0.42,0.83,0.01992,0.18
24,1627,8401,37,2.2859741432393914,0.31,0.53,0.87,0.01941,0.16
68,2053,8401,22,1.5239827621595943,0.36,0.47,0.83,0.01854,0.09
25,2693,8401,21,1.6246231332456054,0.33,0.12,0.84,0.01941,0.16
15,6125,192,56,2.11344779280623,0.32,0.27,0.89,0.01941,0.18
27,782,2779,28,2.659781235844575,0.49,0.68,0.9,0.01941,0.13
15,5023,1450,44,2.861061978016597,0.37,0.2,0.83,0.01941,0.19
16,3580,1842,34,1.7540178960704764,0.43,0.46,0.83,0.01941,0.05
20,575,259,24,2.228465359761671,0.49,0.3,0.82,0.01941,0.12
37,5938,2140,60,2.3434829267171122,0.43,0.45,0.86,0.01992,0.19
42,9267,2158,26,1.8690354630259176,0.31,0.11,0.81,0.02027,0.16
50,7748,2071,55,1.6246231332456054,0.38,0.2,0.88,0.0197,0.1
58,4847,8373,49,2.199710968022811,0.37,0.29,0.82,0.0197,0.16
35,7920,8403,35,2.8035531945388765,0.48,0.22,0.86,0.01992,0.06
28,7615,8303,35,2.0415618134590794,0.42,0.24,0.81,0.01941,0.03
35,4929,8364,25,1.9840530299813588,0.45,0.16,0.89,0.01992,0.03
63,2988,8423,34,2.214088163892241,0.3,0.56,0.85,0.01854,0.06
20,4213,8360,50,1.6390003291150355,0.37,0.25,0.82,0.01941,0.03
22,963,1968,39,2.530386473019704,0.48,0.51,0.81,0.01941,0.14
15,5711,195,55,1.466473978681874,0.47,0.55,0.84,0.01941,0.16
30,6751,8321,53,2.3578601225865423,0.4,0.37,0.8,0.01992,0.19
16,9209,209,33,1.696509112592756,0.33,0.66,0.8,0.01941,0.17
69,3367,4523,39,1.9552986382424984,0.49,0.47,0.85,0.01854,0.19
68,3199,1968,26,2.458500493672553,0.47,0.51,0.89,0.01854,0.12
29,2709,1632,48,2.14220218454509,0.44,0.38,0.85,0.01941,0.05
40,1472,1392,59,1.595868741506745,0.39,0.53,0.86,0.02027,0.06
71,6552,8321,31,2.458500493672553,0.43,0.64,0.82,0.01719,0.2
47,6617,8288,39,2.242842555631101,0.36,0.51,0.89,0.02027,0.13
34,1562,8423,50,1.495228370420734,0.31,0.17,0.86,0.01992,0.1
31,1161,8402,28,1.6246231332456054,0.45,0.44,0.83,0.01992,0.08
43,7493,8288,39,2.0415618134590794,0.31,0.62,0.82,0.02027,0.2
25,7161,8361,53,2.7891759986694464,0.46,0.4,0.88,0.01941,0.14
44,8399,8419,24,2.3003513391088215,0.33,0.36,0.87,0.02027,0.13
46,884,1124,52,2.0990705969367998,0.46,0.67,0.83,0.02027,0.19
19,9509,195,44,2.1709565762839507,0.31,0.45,0.89,0.01941,0.06
20,5858,4527,27,1.8546582671564875,0.41,0.28,0.88,0.01941,0.04
42,4420,4527,41,2.11344779280623,0.44,0.51,0.8,0.02027,0.18
32,7914,8288,44,2.0990705969367998,0.34,0.56,0.87,0.01992,0.11
36,9644,8299,51,2.0990705969367998,0.35,0.4,0.85,0.01992,0.16
40,5169,2779,52,1.7252635043316162,0.46,0.62,0.88,0.02027,0.06
25,3961,4444,60,2.11344779280623,0.46,0.33,0.83,0.01941,0.13
20,3143,1206,60,1.8834126588953477,0.45,0.42,0.82,0.01941,0.01
52,9686,8401,22,2.7172900193222955,0.44,0.52,0.89,0.0197,0.17
49,9432,8423,23,2.228465359761671,0.39,0.69,0.87,0.02027,0.03
52,612,4527,33,1.7252635043316162,0.33,0.44,0.8,0.0197,0.19
38,5145,2140,41,1.825903875417627,0.47,0.35,0.86,0.01992,0.09
39,3971,8291,32,2.7029128234528654,0.31,0.57,0.86,0.01992,0.12
44,7985,8303,33,1.4377195869430135,0.44,0.4,0.82,0.02027,0.19
31,6325,8288,55,1.6677547208538956,0.48,0.63,0.84,0.01992,0.1
44,9575,6855,23,2.4728776895419835,0.46,0.66,0.9,0.02027,0.08
21,877,8360,20,1.5383599580290246,0.49,0.59,0.85,0.01941,0.03
58,2448,6855,24,2.1709565762839507,0.32,0.7,0.88,0.0197,0.1
45,1535,212,36,2.0128074217202188,0.35,0.59,0.89,0.02027,0.11
25,579,8360,27,2.7029128234528654,0.31,0.13,0.87,0.01941,0.07
37,481,8322,33,2.7316672151917256,0.34,0.24,0.81,0.01992,0.15
36,3608,4505,48,2.544763668889134,0.38,0.24,0.84,0.01992,0.2
51,7649,3410,57,1.6677547208538956,0.42,0.5,0.86,0.0197,0.03
23,9812,4444,23,1.8546582671564875,0.33,0.65,0.81,0.01941,0.1
39,9090,2158,43,1.696509112592756,0.4,0.43,0.85,0.01992,0.13
25,1021,8359,27,1.5814915456373149,0.35,0.51,0.87,0.01941,0.03
49,4950,8361,49,2.846684782147167,0.37,0.31,0.89,0.02027,0.06
19,9337,1450,21,2.544763668889134,0.38,0.27,0.85,0.01941,0.0
19,2453,1842,27,2.228465359761671,0.43,0.43,0.89,0.01941,0.09
65,359,3408,36,2.0559390093285095,0.31,0.56,0.81,0.01854,0.03
32,1655,1124,55,1.6533775249844656,0.45,0.47,0.85,0.01992,0.11
58,3465,4444,39,2.1709565762839507,0.43,0.4,0.83,0.0197,0.1
57,2814,4505,45,2.6741584317140052,0.31,0.65,0.81,0.0197,0.06
20,5428,1585,55,2.3578601225865423,0.46,0.4,0.87,0.01941,0.07
31,5354,3408,31,2.6885356275834353,0.3,0.43,0.88,0.01992,0.1
15,8139,7443,28,2.2715969473699613,0.41,0.6,0.86,0.01941,0.03
29,9064,468,28,2.199710968022811,0.4,0.39,0.88,0.01941,0.05
17,5755,9061,23,2.3866145143254025,0.33,0.42,0.89,0.01941,0.18
49,9629,4505,25,2.530386473019704,0.34,0.29,0.82,0.02027,0.13
23,6487,4523,33,1.480851174551304,0.37,0.59,0.86,0.01941,0.12
43,5790,4527,41,1.5814915456373149,0.43,0.19,0.85,0.02027,0.18
74,5973,1392,55,2.4153689060642627,0.4,0.28,0.84,0.01719,0.09
45,1274,4515,49,1.7396407002010463,0.37,0.44,0.82,0.02027,0.1
49,8280,8361,40,1.696509112592756,0.38,0.3,0.81,0.02027,0.2
25,4726,8424,31,2.530386473019704,0.33,0.56,0.84,0.01941,0.08
49,5892,8558,23,1.5383599580290246,0.34,0.52,0.89,0.02027,0.09
38,6973,8289,52,2.0990705969367998,0.41,0.69,0.83,0.01992,0.2
23,9619,2140,40,2.530386473019704,0.44,0.65,0.83,0.01941,0.15
34,3258,468,25,2.861061978016597,0.39,0.36,0.81,0.01992,0.05
39,908,212,45,1.9552986382424984,0.48,0.19,0.9,0.01992,0.1
46,7236,2011,30,1.7540178960704764,0.41,0.13,0.82,0.02027,0.11
26,8704,2140,37,2.6022724523668543,0.35,0.12,0.84,0.01941,0.06
32,7301,4505,22,2.530386473019704,0.42,0.53,0.83,0.01992,0.1
23,356,3408,57,2.6741584317140052,0.36,0.46,0.88,0.01941,0.16
30,5174,468,54,1.595868741506745,0.39,0.57,0.89,0.01992,0.02
43,3490,1124,57,2.7029128234528654,0.45,0.59,0.82,0.02027,0.18
20,4176,1632,27,2.14220218454509,0.46,0.24,0.89,0.01941,0.13
33,8532,8303,54,1.7108863084621861,0.4,0.34,0.82,0.01992,0.15
23,8220,8374,58,1.5096055662901642,0.32,0.31,0.9,0.01941,0.05
61,4637,212,21,1.480851174551304,0.47,0.22,0.88,0.01854,0.17
44,7891,3408,33,2.4872548854114136,0.37,0.7,0.86,0.02027,0.04
33,3118,8365,25,2.0990705969367998,0.43,0.15,0.82,0.01992,0.1
36,6823,4444,51,2.846684782147167,0.43,0.54,0.83,0.01992,0.14
42,2600,2011,58,2.2572197515005312,0.3,0.19,0.86,0.02027,0.1
25,2260,8365,49,1.466473978681874,0.41,0.35,0.82,0.01941,0.15
47,6621,8402,26,2.0415618134590794,0.37,0.12,0.8,0.02027,0.07
31,9497,8401,56,1.7683950919399067,0.46,0.56,0.82,0.01992,0.12
28,5976,212,29,1.495228370420734,0.36,0.23,0.81,0.01941,0.02
36,820,4444,29,2.3578601225865423,0.3,0.54,0.81,0.01992,0.02
40,2787,1206,56,2.3722373184559724,0.32,0.11,0.88,0.02027,0.17
15,5074,1706,45,2.4009917101948326,0.41,0.29,0.8,0.01941,0.0
50,8847,8588,59,1.6677547208538956,0.38,0.41,0.88,0.0197,0.09
44,6645,3410,57,1.466473978681874,0.46,0.24,0.8,0.02027,0.19
27,7522,8558,31,2.12782498867566,0.33,0.69,0.81,0.01941,0.12
64,7735,8289,45,1.480851174551304,0.46,0.6,0.83,0.01854,0.1
39,7026,1585,44,1.6246231332456054,0.46,0.4,0.88,0.01992,0.16
21,7609,8365,53,1.5383599580290246,0.36,0.58,0.82,0.01941,0.01
19,6564,344,40,2.329105730847682,0.38,0.14,0.89,0.01941,0.05
16,3939,2190,58,2.3434829267171122,0.33,0.4,0.84,0.01941,0.02
21,7593,8363,35,1.495228370420734,0.32,0.53,0.81,0.01941,0.1
35,6271,8360,25,1.5383599580290246,0.4,0.35,0.82,0.01992,0.02
42,755,8402,49,2.3147285349782516,0.46,0.64,0.86,0.02027,0.2
21,1972,1968,60,2.4009917101948326,0.42,0.25,0.86,0.01941,0.04
26,4393,8374,35,1.7827722878093368,0.42,0.36,0.83,0.01941,0.03
37,709,2516,57,1.912167050634208,0.44,0.31,0.85,0.01992,0.1
24,4176,8359,42,2.228465359761671,0.3,0.66,0.87,0.01941,0.2
33,3822,1585,52,2.0271846175896493,0.3,0.16,0.83,0.01992,0.11
24,3427,8361,35,2.4009917101948326,0.42,0.13,0.84,0.01941,0.15
32,3830,1392,31,2.12782498867566,0.39,0.11,0.83,0.01992,0.19
15,2148,1341,22,1.825903875417627,0.3,0.69,0.87,0.01941,0.13
56,7523,8299,36,2.2715969473699613,0.44,0.26,0.86,0.0197,0.14
37,9572,8402,27,1.6246231332456054,0.43,0.17,0.84,0.01992,0.03
18,8609,1450,58,1.4520967828124436,0.31,0.51,0.86,0.01941,0.09
31,8860,8359,47,2.7747988028000163,0.38,0.29,0.87,0.01992,0.07
44,1824,8362,24,2.4872548854114136,0.42,0.23,0.87,0.02027,0.02
49,526,1585,33,2.0846934010673697,0.41,0.33,0.88,0.02027,0.08
37,6678,8362,48,1.9552986382424984,0.36,0.48,0.87,0.01992,0.13
21,4621,8364,20,2.4153689060642627,0.33,0.39,0.86,0.01941,0.08
32,650,2779,35,1.8690354630259176,0.36,0.4,0.87,0.01992,0.06
32,4648,8402,22,2.2859741432393914,0.39,0.4,0.85,0.01992,0.01
18,3870,324,42,2.7172900193222955,0.44,0.52,0.82,0.01941,0.02
56,4021,2071,55,2.760421606930586,0.31,0.52,0.89,0.0197,0.04
30,4727,6855,20,2.8035531945388765,0.42,0.61,0.84,0.01992,0.16
27,1824,8402,59,2.0128074217202188,0.5,0.45,0.89,0.01941,0.01
54,4730,8558,50,2.0128074217202188,0.34,0.26,0.85,0.0197,0.08
30,2066,8588,39,2.12782498867566,0.38,0.26,0.83,0.01992,0.16
33,717,8374,43,2.0559390093285095,0.43,0.6,0.85,0.01992,0.03
15,2178,1840,53,2.4153689060642627,0.35,0.67,0.89,0.01941,0.18
28,6461,8419,25,1.5814915456373149,0.39,0.65,0.81,0.01941,0.17
25,4671,8422,58,2.875439173886027,0.39,0.22,0.85,0.01941,0.19
42,7450,8402,42,1.7540178960704764,0.32,0.12,0.82,0.02027,0.16
17,498,60,21,1.682131916723326,0.4,0.37,0.86,0.01941,0.08
25,4568,8288,35,2.861061978016597,0.3,0.46,0.9,0.01941,0.12
32,3808,4515,49,2.3866145143254025,0.38,0.38,0.83,0.01992,0.2
42,4691,8364,22,2.7029128234528654,0.31,0.55,0.86,0.02027,0.02
46,301,8423,22,2.861061978016597,0.43,0.5,0.85,0.02027,0.07
21,888,4505,52,1.8690354630259176,0.32,0.38,0.84,0.01941,0.16
16,1024,60,43,2.199710968022811,0.32,0.7,0.81,0.01941,0.16
32,8684,212,30,1.7683950919399067,0.42,0.62,0.85,0.01992,0.12
20,3307,8361,31,1.4377195869430135,0.46,0.69,0.81,0.01941,0.14
46,7508,2516,22,2.760421606930586,0.32,0.22,0.82,0.02027,0.2
15,7919,1341,56,2.15657938041452,0.45,0.15,0.88,0.01941,0.07
26,622,8321,27,2.573518060627994,0.41,0.59,0.84,0.01941,0.07
57,731,8424,20,1.9984302258507889,0.42,0.54,0.87,0.0197,0.06
35,7940,8364,28,1.8977898547647778,0.42,0.39,0.84,0.01992,0.18
40,8859,4523,55,1.5814915456373149,0.5,0.51,0.87,0.02027,0.06
52,5903,4523,49,1.7108863084621861,0.43,0.19,0.81,0.0197,0.1
41,8278,8360,54,1.480851174551304,0.34,0.33,0.88,0.02027,0.08
35,7187,1124,20,2.3003513391088215,0.47,0.18,0.87,0.01992,0.06
15,7596,1845,24,2.15657938041452,0.38,0.68,0.84,0.01941,0.09
50,6291,2158,30,2.0703162051979396,0.33,0.41,0.82,0.0197,0.02
29,5428,4527,47,2.0703162051979396,0.32,0.35,0.87,0.01941,0.19
57,3412,3408,22,2.7747988028000163,0.35,0.14,0.82,0.0197,0.06
39,4779,2158,42,1.5239827621595943,0.36,0.29,0.81,0.01992,0.02
16,9031,3056,47,1.825903875417627,0.45,0.19,0.84,0.01941,0.09
42,6980,1968,24,1.5671143497678848,0.4,0.46,0.89,0.02027,0.02
37,7732,8419,23,2.1853337721533808,0.35,0.41,0.88,0.01992,0.08
23,8078,8403,53,1.6102459373761753,0.35,0.62,0.85,0.01941,0.18
28,9504,8359,55,1.7540178960704764,0.42,0.21,0.84,0.01941,0.12
33,7736,8423,36,1.7252635043316162,0.46,0.35,0.86,0.01992,0.03
31,6367,8403,20,1.7540178960704764,0.44,0.56,0.83,0.01992,0.03
41,1051,2140,43,2.0128074217202188,0.32,0.57,0.89,0.02027,0.08
37,4795,8588,50,2.7460444110611557,0.35,0.57,0.83,0.01992,0.03
40,6604,468,47,1.5527371538984547,0.45,0.45,0.86,0.02027,0.13
74,4864,8424,31,2.14220218454509,0.32,0.69,0.85,0.01719,0.12
55,4466,8299,58,2.559140864758564,0.42,0.55,0.85,0.0197,0.14
46,6676,8402,26,1.5814915456373149,0.45,0.22,0.9,0.02027,0.02
31,7865,8588,60,2.14220218454509,0.5,0.42,0.87,0.01992,0.0
42,8071,8322,60,2.2715969473699613,0.35,0.31,0.88,0.02027,0.15
53,389,2071,37,2.3578601225865423,0.31,0.51,0.84,0.0197,0.09
15,5746,2457,27,2.3434829267171122,0.49,0.13,0.81,0.01941,0.2
37,4532,1206,38,1.7540178960704764,0.48,0.18,0.9,0.01992,0.13
23,7416,2011,46,1.8977898547647778,0.32,0.43,0.83,0.01941,0.06
46,2024,8288,49,2.631026844105715,0.41,0.4,0.89,0.02027,0.01
63,4878,8361,20,2.0415618134590794,0.35,0.11,0.88,0.01854,0.03
22,7299,1124,51,2.631026844105715,0.42,0.6,0.87,0.01941,0.1
60,3618,8288,32,2.7316672151917256,0.37,0.35,0.9,0.01854,0.19
28,3895,2011,53,1.5671143497678848,0.5,0.19,0.82,0.01941,0.09
47,8691,3408,23,1.8834126588953477,0.39,0.14,0.82,0.02027,0.13
17,2624,1844,22,2.8179303904083066,0.5,0.38,0.89,0.01941,0.06
46,9837,8303,40,2.1709565762839507,0.46,0.52,0.81,0.02027,0.16
37,8566,8374,44,2.0559390093285095,0.37,0.19,0.85,0.01992,0.19
45,4297,8588,26,2.214088163892241,0.36,0.65,0.83,0.02027,0.04
53,4772,8362,29,2.11344779280623,0.36,0.53,0.9,0.0197,0.08
17,3968,4421,60,1.480851174551304,0.34,0.32,0.83,0.01941,0.09
23,7727,8362,50,2.6885356275834353,0.41,0.11,0.81,0.01941,0.13
29,5487,3408,32,1.5096055662901642,0.43,0.13,0.9,0.01941,0.19
15,7092,209,45,2.429746101933693,0.49,0.4,0.81,0.01941,0.2
20,3427,4515,39,2.199710968022811,0.49,0.52,0.88,0.01941,0.04
28,1167,8373,20,2.1853337721533808,0.42,0.62,0.86,0.01941,0.1
36,7245,8403,46,2.11344779280623,0.32,0.56,0.85,0.01992,0.18
29,5796,8364,21,1.4520967828124436,0.36,0.68,0.84,0.01941,0.16
20,3857,8558,49,2.458500493672553,0.46,0.4,0.83,0.01941,0.05
25,7287,6855,30,2.846684782147167,0.48,0.14,0.88,0.01941,0.12
65,4411,4505,42,1.7540178960704764,0.42,0.62,0.85,0.01854,0.16
44,6706,8588,39,2.760421606930586,0.48,0.46,0.84,0.02027,0.1
16,901,9061,36,1.696509112592756,0.31,0.42,0.88,0.01941,0.11
22,430,8288,30,2.0559390093285095,0.46,0.21,0.81,0.01941,0.08
34,2563,1968,25,1.5527371538984547,0.45,0.4,0.88,0.01992,0.09
32,2326,8291,39,2.4009917101948326,0.35,0.56,0.9,0.01992,0.03
38,2139,8364,38,1.825903875417627,0.31,0.28,0.83,0.01992,0.16
53,5413,8401,34,2.3003513391088215,0.42,0.36,0.85,0.0197,0.2
47,1357,8558,28,2.2715969473699613,0.45,0.37,0.8,0.02027,0.03
53,6403,8291,30,2.7172900193222955,0.43,0.67,0.82,0.0197,0.17
17,7023,1843,21,1.912167050634208,0.46,0.34,0.87,0.01941,0.09
30,6794,8322,32,2.8179303904083066,0.35,0.45,0.88,0.01992,0.17
31,3886,4444,34,1.8834126588953477,0.33,0.43,0.88,0.01992,0.05
58,2778,8558,24,2.5016320812808437,0.35,0.33,0.82,0.0197,0.19
36,789,8401,35,2.458500493672553,0.34,0.53,0.89,0.01992,0.01
19,4640,4421,59,2.4009917101948326,0.38,0.7,0.89,0.01941,0.08
29,2889,1392,33,2.8323075862777367,0.36,0.67,0.88,0.01941,0.13
32,5302,212,32,2.5878952564974242,0.33,0.31,0.87,0.01992,0.17
28,1337,8424,42,2.760421606930586,0.45,0.32,0.88,0.01941,0.03
54,4006,1585,42,1.9409214423730683,0.47,0.23,0.87,0.0197,0.15
27,4715,8588,55,1.595868741506745,0.3,0.54,0.86,0.01941,0.14
56,5594,8289,39,2.242842555631101,0.45,0.51,0.9,0.0197,0.18
33,9815,8289,20,1.7396407002010463,0.45,0.69,0.84,0.01992,0.05
50,7998,8403,20,1.7683950919399067,0.35,0.62,0.86,0.0197,0.04
37,386,8359,24,2.15657938041452,0.47,0.28,0.85,0.01992,0.17
32,499,1392,36,2.0128074217202188,0.34,0.48,0.82,0.01992,0.04
31,5078,1632,57,2.760421606930586,0.32,0.27,0.84,0.01992,0.13
24,5045,1124,55,2.1853337721533808,0.32,0.16,0.82,0.01941,0.11
47,3376,2158,34,2.214088163892241,0.32,0.51,0.84,0.02027,0.04
33,824,8303,60,2.14220218454509,0.35,0.46,0.85,0.01992,0.07
43,5929,8321,33,1.4377195869430135,0.47,0.53,0.86,0.02027,0.15
24,4837,8360,38,2.458500493672553,0.41,0.12,0.87,0.01941,0.09
16,6715,7464,41,1.5814915456373149,0.33,0.4,0.83,0.01941,0.19
15,5297,7451,24,2.7172900193222955,0.46,0.39,0.86,0.01941,0.05
60,1121,8365,32,1.5239827621595943,0.36,0.29,0.83,0.01854,0.03
33,4601,8558,60,2.7172900193222955,0.38,0.47,0.87,0.01992,0.16
50,4089,8361,21,1.682131916723326,0.36,0.26,0.85,0.0197,0.05
62,649,8422,29,2.214088163892241,0.33,0.55,0.85,0.01854,0.07
20,7725,8303,57,1.5814915456373149,0.46,0.12,0.83,0.01941,0.02
68,7664,4515,24,2.861061978016597,0.44,0.32,0.84,0.01854,0.15
32,4060,8588,25,2.15657938041452,0.47,0.2,0.81,0.01992,0.05
30,7733,8374,59,1.7396407002010463,0.43,0.13,0.87,0.01992,0.12
18,2472,7451,51,1.5383599580290246,0.44,0.43,0.85,0.01941,0.16
67,2940,8365,45,2.6022724523668543,0.37,0.42,0.84,0.01854,0.04
49,886,8402,53,1.595868741506745,0.44,0.41,0.85,0.02027,0.11
20,9266,8321,44,2.0559390093285095,0.33,0.22,0.83,0.01941,0.04
64,4028,2516,20,2.7891759986694464,0.37,0.34,0.89,0.01854,0.0
43,2481,2071,53,1.696509112592756,0.37,0.28,0.87,0.02027,0.04
33,2733,8558,29,1.4377195869430135,0.37,0.11,0.87,0.01992,0.03
56,6717,8288,53,2.7460444110611557,0.31,0.14,0.83,0.0197,0.1
36,6033,8363,56,1.9840530299813588,0.45,0.41,0.88,0.01992,0.16
30,7875,8363,55,2.242842555631101,0.38,0.25,0.87,0.01992,0.02
39,2828,3408,23,1.466473978681874,0.49,0.17,0.86,0.01992,0.19
27,1634,2516,28,2.2715969473699613,0.39,0.63,0.86,0.01941,0.09
24,7766,6855,32,1.8546582671564875,0.37,0.32,0.83,0.01941,0.1
56,1346,8299,22,1.6677547208538956,0.34,0.67,0.87,0.0197,0.11
41,7055,1124,44,2.659781235844575,0.41,0.15,0.84,0.02027,0.11
28,6830,8588,23,2.8179303904083066,0.47,0.39,0.88,0.01941,0.18
44,5628,8321,40,2.4153689060642627,0.49,0.42,0.81,0.02027,0.12
34,4382,2071,26,2.4153689060642627,0.46,0.25,0.86,0.01992,0.1
21,1100,8365,37,2.3578601225865423,0.38,0.56,0.82,0.01941,0.01
33,1504,8289,24,2.2859741432393914,0.49,0.14,0.9,0.01992,0.02
44,1080,8299,60,2.544763668889134,0.31,0.62,0.87,0.02027,0.19
39,9511,4523,28,1.595868741506745,0.46,0.11,0.84,0.01992,0.07
31,8190,3408,43,2.4872548854114136,0.49,0.49,0.89,0.01992,0.17
64,8580,4505,44,1.8690354630259176,0.36,0.6,0.87,0.01854,0.08
42,7821,2071,20,1.4520967828124436,0.36,0.26,0.84,0.02027,0.07
48,8615,2071,33,2.5878952564974242,0.36,0.44,0.82,0.02027,0.11
16,6010,1450,32,2.3147285349782516,0.33,0.19,0.83,0.01941,0.04
67,6051,8303,41,2.516009277150274,0.34,0.19,0.86,0.01854,0.08
60,8141,8403,51,1.8977898547647778,0.37,0.33,0.82,0.01854,0.18
42,4685,2158,51,2.0128074217202188,0.42,0.62,0.86,0.02027,0.16
38,9819,2071,45,1.5527371538984547,0.46,0.28,0.82,0.01992,0.01
36,820,8363,33,2.4872548854114136,0.32,0.23,0.81,0.01992,0.15
23,7005,8291,40,2.7891759986694464,0.37,0.48,0.84,0.01941,0.14
74,6197,212,45,1.7252635043316162,0.37,0.33,0.85,0.01719,0.09
35,8920,8401,58,1.7827722878093368,0.39,0.32,0.81,0.01992,0.04
18,7492,1845,53,2.2572197515005312,0.49,0.58,0.85,0.01941,0.08
63,4291,8299,29,1.797149483678767,0.46,0.51,0.84,0.01854,0.12
39,5773,8402,30,2.7460444110611557,0.47,0.4,0.89,0.01992,0.18
15,9619,324,50,2.6022724523668543,0.48,0.11,0.88,0.01941,0.1
37,4435,4505,27,1.6246231332456054,0.31,0.6,0.8,0.01992,0.19
42,8102,8588,48,1.9840530299813588,0.47,0.15,0.8,0.02027,0.1
22,7014,8423,45,2.616649648236285,0.46,0.1,0.86,0.01941,0.04
39,3678,8321,54,2.14220218454509,0.32,0.46,0.83,0.01992,0.01
39,4690,8373,32,2.242842555631101,0.41,0.48,0.88,0.01992,0.17
17,8069,1764,28,2.329105730847682,0.45,0.21,0.83,0.01941,0.07
67,7346,1124,37,2.228465359761671,0.47,0.44,0.87,0.01854,0.06
39,3349,2011,38,2.3003513391088215,0.34,0.33,0.88,0.01992,0.05
47,2027,8289,32,1.912167050634208,0.42,0.31,0.8,0.02027,0.12
51,3694,8402,52,2.3147285349782516,0.36,0.62,0.87,0.0197,0.01
15,2458,241,53,1.595868741506745,0.37,0.67,0.89,0.01941,0.03
49,4609,1206,44,2.0703162051979396,0.34,0.25,0.83,0.02027,0.0
17,4632,195,44,1.7540178960704764,0.34,0.39,0.86,0.01941,0.06
42,4757,8588,26,2.7316672151917256,0.32,0.15,0.84,0.02027,0.1
42,3742,4505,37,1.6533775249844656,0.31,0.35,0.85,0.02027,0.04
40,9003,8359,27,2.631026844105715,0.39,0.38,0.82,0.02027,0.19
46,9593,4505,24,2.0559390093285095,0.48,0.5,0.85,0.02027,0.15
27,9013,8419,26,2.15657938041452,0.41,0.15,0.8,0.01941,0.1
73,4866,8289,29,1.8834126588953477,0.43,0.41,0.8,0.01719,0.05
20,1604,3408,20,1.495228370420734,0.32,0.39,0.83,0.01941,0.15
27,5044,8289,38,2.7460444110611557,0.33,0.5,0.83,0.01941,0.18
45,7900,2011,41,1.5527371538984547,0.36,0.23,0.87,0.02027,0.08
30,8441,8401,49,1.9984302258507889,0.37,0.29,0.89,0.01992,0.02
37,535,1632,23,2.875439173886027,0.34,0.66,0.88,0.01992,0.12
39,7046,1124,55,2.645404039975145,0.39,0.12,0.85,0.01992,0.01
33,7297,8363,24,2.846684782147167,0.33,0.47,0.82,0.01992,0.1
41,4865,8365,37,1.7108863084621861,0.32,0.27,0.87,0.02027,0.01
50,9809,8588,21,2.7747988028000163,0.44,0.18,0.89,0.0197,0.18
15,6310,7443,56,2.4728776895419835,0.38,0.48,0.84,0.01941,0.04
31,6244,2011,58,2.516009277150274,0.33,0.57,0.9,0.01992,0.09
29,9194,212,60,1.495228370420734,0.41,0.62,0.84,0.01941,0.14
34,1221,8419,44,1.912167050634208,0.32,0.68,0.81,0.01992,0.04
40,706,8289,30,2.242842555631101,0.47,0.66,0.84,0.02027,0.01
26,4400,8291,24,1.8402810712870574,0.39,0.59,0.86,0.01941,0.09
34,3046,8365,30,1.682131916723326,0.5,0.22,0.86,0.01992,0.12
20,8667,4515,26,1.8977898547647778,0.47,0.62,0.89,0.01941,0.09
69,3033,8360,39,2.760421606930586,0.34,0.59,0.83,0.01854,0.02
53,8304,8361,42,2.429746101933693,0.41,0.48,0.8,0.0197,0.09
19,61,1764,32,2.616649648236285,0.32,0.33,0.86,0.01941,0.11
32,1209,8558,35,2.3866145143254025,0.4,0.7,0.89,0.01992,0.03
48,8699,8373,23,2.0703162051979396,0.41,0.55,0.9,0.02027,0.08
27,7999,8422,56,1.8402810712870574,0.43,0.39,0.85,0.01941,0.17
65,9253,2011,34,1.8690354630259176,0.32,0.52,0.87,0.01854,0.1
17,1960,415,21,2.645404039975145,0.4,0.68,0.83,0.01941,0.04
38,6841,2158,59,1.9409214423730683,0.42,0.41,0.89,0.01992,0.1
36,4034,2516,43,1.682131916723326,0.45,0.26,0.87,0.01992,0.13
30,5262,8360,37,2.544763668889134,0.38,0.15,0.82,0.01992,0.07
20,9184,8303,24,2.645404039975145,0.42,0.67,0.86,0.01941,0.06
46,1269,8403,46,2.458500493672553,0.37,0.35,0.8,0.02027,0.19
23,4911,8303,33,2.0990705969367998,0.34,0.33,0.85,0.01941,0.11
31,8694,8403,37,1.5096055662901642,0.46,0.28,0.88,0.01992,0.11
44,2868,8422,54,2.760421606930586,0.46,0.67,0.85,0.02027,0.07
18,4151,344,27,1.6390003291150355,0.31,0.62,0.86,0.01941,0.1
33,3624,8403,32,2.7747988028000163,0.42,0.17,0.81,0.01992,0.1
21,8921,468,48,2.631026844105715,0.32,0.25,0.84,0.01941,0.0
66,1296,8402,54,1.8546582671564875,0.42,0.42,0.88,0.01854,0.12
30,8536,8321,45,2.228465359761671,0.39,0.67,0.83,0.01992,0.19
34,1175,2779,49,1.5239827621595943,0.33,0.35,0.82,0.01992,0.06
30,9377,8299,56,2.214088163892241,0.33,0.41,0.81,0.01992,0.02
26,4832,1392,28,2.199710968022811,0.37,0.41,0.87,0.01941,0.07
43,1948,4527,59,1.797149483678767,0.47,0.11,0.83,0.02027,0.02
19,2000,4423,42,2.2572197515005312,0.41,0.41,0.82,0.01941,0.01
16,7790,207,60,2.3147285349782516,0.4,0.61,0.85,0.01941,0.06
19,5858,4423,43,2.329105730847682,0.31,0.54,0.81,0.01941,0.03
30,7745,8401,25,1.8402810712870574,0.34,0.65,0.82,0.01992,0.13
48,1495,8365,20,1.811526679548197,0.33,0.2,0.89,0.02027,0.03
30,4271,4527,31,1.480851174551304,0.35,0.43,0.86,0.01992,0.19
36,2828,8422,59,2.12782498867566,0.47,0.37,0.89,0.01992,0.13
25,6122,2011,34,1.797149483678767,0.3,0.32,0.84,0.01941,0.01
51,7504,1632,49,1.480851174551304,0.32,0.25,0.8,0.0197,0.06
31,7911,8558,55,2.7747988028000163,0.41,0.1,0.86,0.01992,0.2
39,1575,8423,45,2.6022724523668543,0.49,0.52,0.87,0.01992,0.17
63,6129,3408,22,1.480851174551304,0.45,0.12,0.81,0.01854,0.02
22,6453,8373,49,2.3578601225865423,0.43,0.3,0.87,0.01941,0.1
17,1285,195,42,1.5527371538984547,0.35,0.67,0.89,0.01941,0.08
19,6841,193,59,1.495228370420734,0.48,0.45,0.87,0.01941,0.02
47,8449,4523,33,2.2859741432393914,0.36,0.19,0.9,0.02027,0.19
21,2668,8291,57,1.6246231332456054,0.31,0.23,0.86,0.01941,0.06
43,602,4505,24,2.645404039975145,0.46,0.31,0.86,0.02027,0.18
58,4198,8401,25,1.7108863084621861,0.32,0.22,0.84,0.0197,0.03
37,6454,8365,53,2.444123297803123,0.4,0.15,0.89,0.01992,0.01
42,6835,3408,36,1.6246231332456054,0.47,0.37,0.88,0.02027,0.14
45,1693,468,20,2.14220218454509,0.34,0.1,0.82,0.02027,0.15
57,8631,8419,22,2.0703162051979396,0.5,0.31,0.82,0.0197,0.04
69,6322,8558,54,2.2572197515005312,0.31,0.39,0.83,0.01854,0.13
60,5345,1124,44,1.595868741506745,0.31,0.27,0.82,0.01854,0.01
41,1502,8419,46,1.480851174551304,0.37,0.66,0.8,0.02027,0.11
17,7755,4104,57,2.544763668889134,0.46,0.17,0.89,0.01941,0.06
46,9829,8422,24,2.444123297803123,0.42,0.48,0.84,0.02027,0.2
20,790,8291,55,2.0846934010673697,0.34,0.18,0.85,0.01941,0.12
28,4661,8364,58,1.7683950919399067,0.5,0.46,0.87,0.01941,0.11
74,3352,1392,35,2.3866145143254025,0.43,0.2,0.83,0.01719,0.09
36,3833,4505,45,1.7683950919399067,0.32,0.12,0.82,0.01992,0.06
15,7889,1617,51,1.8402810712870574,0.43,0.47,0.82,0.01941,0.15
51,590,1632,27,1.9840530299813588,0.47,0.44,0.84,0.0197,0.03
46,4740,8321,29,2.559140864758564,0.3,0.23,0.89,0.02027,0.15
49,4549,4444,20,1.9840530299813588,0.33,0.43,0.84,0.02027,0.05
57,7889,3408,33,1.696509112592756,0.43,0.38,0.83,0.0197,0.08
31,3181,8419,46,2.760421606930586,0.33,0.57,0.82,0.01992,0.07
16,8351,1450,45,2.6885356275834353,0.33,0.29,0.81,0.01941,0.0
48,5228,8363,57,1.912167050634208,0.31,0.34,0.9,0.02027,0.0
39,1154,8291,23,1.8402810712870574,0.36,0.36,0.81,0.01992,0.11
65,6178,8291,21,1.8402810712870574,0.42,0.26,0.89,0.01854,0.05
47,3976,4523,43,2.559140864758564,0.33,0.41,0.85,0.02027,0.18
25,2986,468,41,1.5671143497678848,0.34,0.16,0.88,0.01941,0.02
55,6450,6855,23,2.760421606930586,0.36,0.13,0.9,0.0197,0.11
19,7049,271,49,2.0128074217202188,0.37,0.53,0.9,0.01941,0.02
72,8924,1392,37,2.5016320812808437,0.47,0.55,0.86,0.01719,0.02
19,1804,471,37,1.480851174551304,0.4,0.17,0.88,0.01941,0.2
59,5138,2158,38,2.659781235844575,0.49,0.4,0.84,0.0197,0.05
24,3627,8303,38,1.8402810712870574,0.34,0.68,0.84,0.01941,0.09
47,9642,6855,47,2.659781235844575,0.39,0.35,0.87,0.02027,0.02
18,49,1843,36,1.696509112592756,0.44,0.68,0.9,0.01941,0.07
59,4057,8365,45,2.3722373184559724,0.34,0.63,0.85,0.0197,0.11
27,4732,4444,48,2.8035531945388765,0.44,0.58,0.85,0.01941,0.06
53,92,6855,50,2.7747988028000163,0.3,0.12,0.82,0.0197,0.2
19,3332,4104,57,1.480851174551304,0.38,0.43,0.8,0.01941,0.16
37,6159,8402,23,1.5096055662901642,0.4,0.67,0.8,0.01992,0.14
41,5564,8424,27,1.5239827621595943,0.4,0.42,0.86,0.02027,0.16
28,7073,8363,51,2.0559390093285095,0.31,0.12,0.83,0.01941,0.0
31,8712,2779,24,1.6102459373761753,0.33,0.23,0.83,0.01992,0.01
23,9032,4523,33,1.7252635043316162,0.39,0.24,0.84,0.01941,0.13
21,993,4444,42,2.6022724523668543,0.48,0.52,0.83,0.01941,0.06
52,8527,8558,54,2.3147285349782516,0.34,0.46,0.89,0.0197,0.04
52,5510,4515,53,2.0271846175896493,0.47,0.38,0.87,0.0197,0.17
36,4927,8423,39,1.9984302258507889,0.45,0.43,0.82,0.01992,0.16
22,9077,8588,36,2.875439173886027,0.32,0.17,0.83,0.01941,0.18
54,1903,8558,44,1.5527371538984547,0.45,0.31,0.86,0.0197,0.04
16,4162,324,55,2.7891759986694464,0.35,0.17,0.85,0.01941,0.03
68,9365,4444,50,1.7683950919399067,0.43,0.22,0.81,0.01854,0.11
31,1579,8373,60,2.659781235844575,0.44,0.22,0.89,0.01992,0.15
16,2089,195,26,2.444123297803123,0.3,0.37,0.88,0.01941,0.08
48,1630,8303,35,2.2572197515005312,0.36,0.4,0.82,0.02027,0.11
35,7679,8363,48,1.811526679548197,0.39,0.21,0.86,0.01992,0.03
31,8332,3408,33,2.7460444110611557,0.5,0.59,0.88,0.01992,0.05
20,2628,468,25,1.4520967828124436,0.44,0.5,0.84,0.01941,0.14
25,7141,8373,21,1.6390003291150355,0.33,0.17,0.83,0.01941,0.11
47,7129,8403,24,2.458500493672553,0.5,0.17,0.83,0.02027,0.02
67,5457,8361,54,2.6741584317140052,0.38,0.32,0.89,0.01854,0.16
30,4775,8299,37,2.4728776895419835,0.35,0.2,0.83,0.01992,0.03
15,6381,208,51,1.6246231332456054,0.3,0.21,0.82,0.01941,0.04
24,3976,8422,47,2.3722373184559724,0.37,0.23,0.8,0.01941,0.08
56,2557,8363,41,1.6677547208538956,0.37,0.31,0.86,0.0197,0.2
36,1407,1392,44,2.1853337721533808,0.35,0.7,0.84,0.01992,0.15
46,842,4515,27,1.682131916723326,0.48,0.27,0.81,0.02027,0.14
48,9573,8423,26,2.3147285349782516,0.33,0.39,0.83,0.02027,0.15
57,5997,6855,56,2.544763668889134,0.32,0.41,0.84,0.0197,0.13
53,9627,2158,54,2.2572197515005312,0.47,0.58,0.88,0.0197,0.11
52,4723,2071,21,2.7029128234528654,0.5,0.22,0.86,0.0197,0.04
35,5918,8374,33,1.7540178960704764,0.38,0.15,0.87,0.01992,0.18
37,4065,2011,36,2.329105730847682,0.46,0.16,0.83,0.01992,0.03
26,1345,259,42,2.242842555631101,0.35,0.66,0.9,0.01941,0.03
43,6422,1206,39,2.12782498867566,0.4,0.6,0.86,0.02027,0.04
25,6454,8303,37,1.495228370420734,0.5,0.26,0.85,0.01941,0.13
16,4213,4358,34,1.7683950919399067,0.39,0.28,0.87,0.01941,0.03
38,5263,8362,52,2.7747988028000163,0.45,0.62,0.8,0.01992,0.05
18,6380,193,35,2.7172900193222955,0.35,0.63,0.88,0.01941,0.06
28,6468,8322,43,2.7891759986694464,0.43,0.33,0.84,0.01941,0.1
69,1964,2779,20,2.2715969473699613,0.35,0.21,0.83,0.01854,0.13
24,7595,468,48,2.429746101933693,0.48,0.23,0.88,0.01941,0.03
68,6048,4444,38,2.645404039975145,0.4,0.16,0.86,0.01854,0.09
54,8611,2071,43,2.7316672151917256,0.32,0.23,0.9,0.0197,0.14
22,6537,8361,50,2.4009917101948326,0.43,0.41,0.84,0.01941,0.2
46,7036,2140,36,2.3866145143254025,0.41,0.2,0.8,0.02027,0.17
33,4402,8364,57,2.6022724523668543,0.46,0.59,0.89,0.01992,0.03
36,2641,8303,25,1.8690354630259176,0.42,0.14,0.82,0.01992,0.12
49,4819,4505,23,2.8035531945388765,0.35,0.51,0.83,0.02027,0.16
26,8381,2071,24,2.4872548854114136,0.43,0.63,0.82,0.01941,0.07
46,1740,1206,22,2.329105730847682,0.42,0.43,0.83,0.02027,0.16
28,519,2140,45,1.696509112592756,0.48,0.16,0.81,0.01941,0.1
16,2433,208,54,2.1709565762839507,0.44,0.69,0.86,0.01941,0.03
34,2754,8365,41,2.444123297803123,0.47,0.45,0.87,0.01992,0.1
17,4321,9008,55,2.4009917101948326,0.33,0.57,0.89,0.01941,0.14
26,3757,3408,33,2.760421606930586,0.38,0.68,0.88,0.01941,0.12
42,198,8299,28,1.9552986382424984,0.3,0.55,0.86,0.02027,0.1
51,8098,8322,44,2.0415618134590794,0.41,0.58,0.82,0.0197,0.13
48,3502,8288,27,2.530386473019704,0.39,0.62,0.8,0.02027,0.12
22,3441,8321,42,2.760421606930586,0.42,0.27,0.86,0.01941,0.12
44,412,3410,52,1.912167050634208,0.5,0.46,0.81,0.02027,0.13
17,9058,7476,30,2.861061978016597,0.35,0.69,0.81,0.01941,0.03
40,2230,468,44,1.811526679548197,0.37,0.15,0.88,0.02027,0.09
26,2336,8588,59,1.6246231332456054,0.44,0.6,0.81,0.01941,0.06
18,6337,60,27,2.631026844105715,0.37,0.18,0.8,0.01941,0.19
35,205,8365,47,2.15657938041452,0.42,0.58,0.8,0.01992,0.13
33,5019,8558,31,2.8179303904083066,0.38,0.34,0.81,0.01992,0.05
37,2796,8365,24,2.4728776895419835,0.31,0.28,0.87,0.01992,0.18
25,444,259,24,1.9984302258507889,0.45,0.19,0.83,0.01941,0.11
28,4328,2779,60,2.6741584317140052,0.47,0.12,0.87,0.01941,0.08
37,7283,8403,59,2.458500493672553,0.5,0.48,0.85,0.01992,0.2
55,7297,4515,44,1.595868741506745,0.44,0.42,0.81,0.0197,0.05
32,8574,8402,42,2.2572197515005312,0.47,0.48,0.89,0.01992,0.18
59,1388,6855,45,2.4872548854114136,0.44,0.3,0.87,0.0197,0.2
55,5720,8424,27,2.4728776895419835,0.43,0.32,0.82,0.0197,0.13
20,2887,4523,22,2.2715969473699613,0.43,0.5,0.84,0.01941,0.13
19,3043,7443,28,2.3866145143254025,0.35,0.11,0.8,0.01941,0.02
27,2571,2779,26,1.5814915456373149,0.46,0.69,0.9,0.01941,0.17
68,62,8299,27,2.544763668889134,0.46,0.46,0.9,0.01854,0.08
59,417,8364,57,2.2715969473699613,0.45,0.38,0.82,0.0197,0.12
39,4672,1206,20,1.6246231332456054,0.42,0.33,0.8,0.01992,0.09
19,1600,193,56,2.3578601225865423,0.43,0.54,0.83,0.01941,0.1
48,6449,8359,52,1.5383599580290246,0.34,0.45,0.86,0.02027,0.09
62,8152,8289,34,2.861061978016597,0.41,0.2,0.88,0.01854,0.07
33,4338,8558,59,2.6022724523668543,0.48,0.25,0.81,0.01992,0.1
17,1524,195,38,2.573518060627994,0.49,0.56,0.83,0.01941,0.05
23,7972,8321,23,1.9265442465036382,0.36,0.51,0.85,0.01941,0.08
43,317,2071,21,2.659781235844575,0.43,0.43,0.85,0.02027,0.18
28,2677,1632,25,2.659781235844575,0.33,0.23,0.84,0.01941,0.1
29,9329,4527,43,2.530386473019704,0.3,0.34,0.83,0.01941,0.07
55,8571,2011,59,2.3866145143254025,0.3,0.36,0.86,0.0197,0.08
44,9269,259,46,1.9696758341119285,0.44,0.23,0.89,0.02027,0.09
45,4450,1585,22,2.631026844105715,0.43,0.15,0.86,0.02027,0.09
27,1983,4523,50,1.495228370420734,0.45,0.65,0.86,0.01941,0.14
27,5654,8288,52,1.5814915456373149,0.34,0.61,0.8,0.01941,0.08
28,1924,3410,46,1.8834126588953477,0.45,0.33,0.82,0.01941,0.03
18,7099,2190,36,1.4377195869430135,0.45,0.4,0.89,0.01941,0.04
17,1646,7443,24,2.8179303904083066,0.41,0.2,0.83,0.01941,0.19
63,7339,1632,37,2.4153689060642627,0.5,0.68,0.83,0.01854,0.07
43,8142,8289,38,1.5527371538984547,0.42,0.18,0.83,0.02027,0.04
59,6588,8289,43,2.0703162051979396,0.31,0.39,0.85,0.0197,0.14
17,488,60,58,2.242842555631101,0.36,0.22,0.84,0.01941,0.11
36,9286,1206,28,2.199710968022811,0.36,0.18,0.86,0.01992,0.19
20,8654,8303,34,2.8323075862777367,0.4,0.53,0.85,0.01941,0.07
63,3731,8362,26,2.8035531945388765,0.48,0.3,0.87,0.01854,0.03
35,726,8299,56,2.2859741432393914,0.41,0.33,0.87,0.01992,0.01
17,2120,234,39,2.14220218454509,0.43,0.42,0.85,0.01941,0.12
18,5843,4358,43,1.797149483678767,0.46,0.5,0.81,0.01941,0.14
21,3867,8291,48,1.9265442465036382,0.4,0.37,0.9,0.01941,0.17
34,4581,8558,33,2.4009917101948326,0.48,0.37,0.83,0.01992,0.1
29,7902,8365,40,2.7029128234528654,0.4,0.65,0.85,0.01941,0.07
17,6648,1842,46,1.9409214423730683,0.47,0.37,0.9,0.01941,0.11
17,4740,7451,21,2.6741584317140052,0.35,0.28,0.86,0.01941,0.01
24,4279,8322,31,2.631026844105715,0.33,0.33,0.87,0.01941,0.16
47,3973,4527,42,2.5016320812808437,0.41,0.21,0.84,0.02027,0.11
40,2556,8419,41,2.2715969473699613,0.37,0.11,0.87,0.02027,0.06
47,6211,8362,48,2.631026844105715,0.38,0.34,0.88,0.02027,0.02
37,5730,8373,53,1.9409214423730683,0.48,0.21,0.84,0.01992,0.17
21,690,8419,52,2.3434829267171122,0.37,0.19,0.84,0.01941,0.16
64,4602,2158,21,1.7827722878093368,0.39,0.16,0.88,0.01854,0.15
26,2487,8299,46,2.7747988028000163,0.49,0.23,0.9,0.01941,0.09
54,2142,1392,29,2.3866145143254025,0.33,0.34,0.89,0.0197,0.19
52,133,4505,55,2.0846934010673697,0.39,0.42,0.83,0.0197,0.09
32,2249,1585,44,1.5814915456373149,0.43,0.22,0.8,0.01992,0.11
15,5854,7435,50,2.458500493672553,0.3,0.48,0.81,0.01941,0.2
28,7151,8299,54,1.5527371538984547,0.4,0.14,0.83,0.01941,0.0
39,7968,8289,46,2.7316672151917256,0.42,0.25,0.84,0.01992,0.16
71,783,8419,20,2.214088163892241,0.43,0.39,0.81,0.01719,0.02
57,4298,8373,57,2.3866145143254025,0.34,0.18,0.82,0.0197,0.01
44,1941,8363,57,2.2572197515005312,0.32,0.47,0.89,0.02027,0.16
34,9045,8303,43,1.825903875417627,0.46,0.27,0.8,0.01992,0.04
34,7266,8401,50,2.0128074217202188,0.39,0.15,0.89,0.01992,0.13
34,6468,8403,34,1.6390003291150355,0.3,0.15,0.88,0.01992,0.11
27,8820,8303,55,2.5016320812808437,0.32,0.56,0.83,0.01941,0.06
24,7511,1968,47,2.0128074217202188,0.4,0.22,0.83,0.01941,0.06
71,3280,1206,25,2.0846934010673697,0.41,0.6,0.81,0.01719,0.05
34,2506,8374,58,1.7540178960704764,0.32,0.46,0.87,0.01992,0.0
67,8882,8365,49,2.444123297803123,0.4,0.52,0.88,0.01854,0.07
32,1689,4527,51,1.5671143497678848,0.49,0.48,0.86,0.01992,0.14
19,6000,1706,50,2.14220218454509,0.41,0.35,0.82,0.01941,0.11
43,6970,4444,31,2.15657938041452,0.39,0.58,0.87,0.02027,0.05
42,390,8361,20,2.4153689060642627,0.3,0.51,0.89,0.02027,0.18
34,2379,8558,46,2.8179303904083066,0.41,0.33,0.81,0.01992,0.04
29,8689,8424,32,2.0990705969367998,0.41,0.43,0.82,0.01941,0.18
48,3521,8588,48,2.11344779280623,0.35,0.37,0.84,0.02027,0.12
37,6796,3410,39,2.760421606930586,0.34,0.42,0.82,0.01992,0.11
27,5982,8558,59,1.6390003291150355,0.4,0.27,0.82,0.01941,0.14
30,1681,2011,43,2.3434829267171122,0.49,0.57,0.82,0.01992,0.0
18,103,271,29,2.199710968022811,0.5,0.23,0.89,0.01941,0.0
43,133,8422,57,2.4872548854114136,0.38,0.19,0.86,0.02027,0.13
65,3375,1124,49,1.7683950919399067,0.33,0.64,0.86,0.01854,0.14
28,2332,6855,59,2.199710968022811,0.35,0.4,0.85,0.01941,0.17
28,4136,8363,47,2.7172900193222955,0.32,0.13,0.86,0.01941,0.19
24,6732,2158,54,1.8834126588953477,0.44,0.28,0.87,0.01941,0.18
63,2,3408,52,1.7252635043316162,0.34,0.14,0.8,0.01854,0.17
19,1161,2590,20,1.7827722878093368,0.3,0.65,0.89,0.01941,0.02
28,509,1968,52,1.7252635043316162,0.42,0.22,0.88,0.01941,0.01
30,5581,8365,37,1.7827722878093368,0.42,0.68,0.81,0.01992,0.19
36,3977,8322,59,2.516009277150274,0.43,0.2,0.85,0.01992,0.14
57,5966,2071,25,1.6246231332456054,0.39,0.54,0.89,0.0197,0.15
24,5009,8359,25,1.466473978681874,0.36,0.64,0.86,0.01941,0.09
39,4770,8363,27,1.5239827621595943,0.41,0.3,0.84,0.01992,0.02
24,9119,8288,29,1.696509112592756,0.37,0.63,0.84,0.01941,0.17
35,1412,8588,51,1.6533775249844656,0.42,0.31,0.9,0.01992,0.01
30,361,468,55,2.616649648236285,0.38,0.35,0.84,0.01992,0.1
41,5412,4444,31,2.846684782147167,0.42,0.69,0.9,0.02027,0.07
39,6985,259,39,2.516009277150274,0.5,0.15,0.81,0.01992,0.12
39,6849,468,51,1.6102459373761753,0.49,0.47,0.84,0.01992,0.16
24,3066,1632,25,2.0559390093285095,0.5,0.37,0.87,0.01941,0.03
47,4679,1206,51,2.3434829267171122,0.35,0.22,0.85,0.02027,0.17
34,1994,8363,47,1.495228370420734,0.47,0.33,0.88,0.01992,0.06
48,1568,8402,27,1.5383599580290246,0.4,0.34,0.85,0.02027,0.2
37,2046,2779,49,1.5239827621595943,0.34,0.12,0.89,0.01992,0.13
30,9534,8362,55,2.458500493672553,0.41,0.16,0.86,0.01992,0.04
35,335,8402,39,2.0703162051979396,0.38,0.59,0.83,0.01992,0.02
24,5079,8359,24,2.7172900193222955,0.46,0.41,0.86,0.01941,0.02
28,2980,8362,28,1.7108863084621861,0.39,0.48,0.87,0.01941,0.16
19,6038,4358,31,2.6022724523668543,0.45,0.36,0.82,0.01941,0.17
63,2650,8373,27,2.3003513391088215,0.3,0.16,0.81,0.01854,0.07
30,178,8403,55,2.7316672151917256,0.45,0.45,0.81,0.01992,0.19
21,5009,4444,23,2.645404039975145,0.37,0.64,0.83,0.01941,0.1
22,2315,8361,23,2.3722373184559724,0.46,0.43,0.85,0.01941,0.16
58,3274,6855,47,2.846684782147167,0.32,0.58,0.85,0.0197,0.18
47,2704,8322,54,2.4728776895419835,0.4,0.33,0.83,0.02027,0.13
51,3603,8363,21,1.8977898547647778,0.36,0.28,0.84,0.0197,0.2
15,3074,7443,36,1.912167050634208,0.45,0.43,0.81,0.01941,0.06
42,6968,2071,55,2.8035531945388765,0.34,0.3,0.82,0.02027,0.14
42,263,2779,53,1.9409214423730683,0.39,0.53,0.87,0.02027,0.02
16,4956,3056,52,1.7540178960704764,0.38,0.43,0.81,0.01941,0.03
20,3016,8401,56,2.573518060627994,0.45,0.23,0.8,0.01941,0.04
61,967,8364,30,1.912167050634208,0.41,0.68,0.87,0.01854,0.2
22,8596,259,22,2.5878952564974242,0.47,0.24,0.88,0.01941,0.12
58,7667,8361,46,2.8179303904083066,0.42,0.29,0.82,0.0197,0.16
56,2427,4523,23,2.3003513391088215,0.4,0.18,0.88,0.0197,0.16
47,8102,8423,26,1.825903875417627,0.39,0.64,0.89,0.02027,0.0
50,218,8403,52,2.214088163892241,0.38,0.66,0.83,0.0197,0.2
42,6074,8402,54,2.7029128234528654,0.45,0.56,0.87,0.02027,0.13
45,625,4444,34,2.11344779280623,0.37,0.24,0.81,0.02027,0.16
33,1486,8373,60,2.2715969473699613,0.4,0.46,0.84,0.01992,0.15
23,2898,1124,51,1.4520967828124436,0.46,0.61,0.87,0.01941,0.15
47,1043,2158,39,1.595868741506745,0.37,0.62,0.86,0.02027,0.19
23,2241,1585,57,1.6102459373761753,0.49,0.37,0.88,0.01941,0.04
34,5560,1392,36,2.616649648236285,0.37,0.22,0.89,0.01992,0.18
32,8409,1392,40,2.458500493672553,0.49,0.16,0.85,0.01992,0.18
39,6381,8360,38,2.444123297803123,0.46,0.57,0.8,0.01992,0.17
25,6996,2158,47,2.429746101933693,0.31,0.51,0.82,0.01941,0.1
19,6215,207,50,2.0415618134590794,0.41,0.61,0.87,0.01941,0.05
18,9658,9008,51,2.645404039975145,0.41,0.5,0.86,0.01941,0.08
38,6260,8365,58,1.797149483678767,0.34,0.66,0.9,0.01992,0.12
34,4073,468,50,2.2572197515005312,0.34,0.69,0.86,0.01992,0.02
25,9019,2071,58,2.1709565762839507,0.36,0.34,0.86,0.01941,0.02
39,1708,8419,24,1.6102459373761753,0.31,0.53,0.87,0.01992,0.09
38,7701,4523,50,2.0703162051979396,0.46,0.42,0.88,0.01992,0.07
69,5326,6855,58,1.9409214423730683,0.35,0.41,0.88,0.01854,0.14
49,4301,259,47,2.4872548854114136,0.42,0.2,0.83,0.02027,0.08
46,2217,4523,39,1.912167050634208,0.48,0.36,0.81,0.02027,0.04
44,1527,8322,36,2.329105730847682,0.33,0.37,0.86,0.02027,0.01
70,8964,8362,27,2.0271846175896493,0.42,0.45,0.85,0.01719,0.03
34,319,8401,42,2.12782498867566,0.37,0.18,0.87,0.01992,0.1
17,8268,213,32,2.7747988028000163,0.43,0.11,0.81,0.01941,0.11
41,1962,8558,34,1.8546582671564875,0.42,0.15,0.86,0.02027,0.01
16,5690,7476,45,1.7108863084621861,0.36,0.67,0.83,0.01941,0.19
59,3689,259,46,1.811526679548197,0.31,0.7,0.9,0.0197,0.16
29,6357,6855,60,2.4153689060642627,0.34,0.33,0.84,0.01941,0.11
50,9787,6855,43,2.8035531945388765,0.32,0.1,0.86,0.0197,0.17
23,3594,8401,46,2.760421606930586,0.33,0.38,0.88,0.01941,0.01
32,4761,2158,51,1.480851174551304,0.46,0.6,0.87,0.01992,0.07
45,7091,8419,46,1.6102459373761753,0.31,0.43,0.83,0.02027,0.09
40,6510,8402,54,1.9840530299813588,0.31,0.26,0.89,0.02027,0.09
61,6287,1585,24,2.846684782147167,0.4,0.64,0.85,0.01854,0.1
28,1666,8362,26,2.2859741432393914,0.48,0.44,0.84,0.01941,0.17
34,4781,468,23,2.616649648236285,0.44,0.55,0.82,0.01992,0.15
60,1996,8422,37,1.6533775249844656,0.44,0.24,0.88,0.01854,0.15
46,5503,8588,24,1.9984302258507889,0.31,0.51,0.89,0.02027,0.16
23,9746,1632,57,1.5096055662901642,0.39,0.21,0.86,0.01941,0.09
23,1291,1632,22,2.530386473019704,0.46,0.19,0.87,0.01941,0.11
16,7109,415,36,2.0271846175896493,0.48,0.46,0.84,0.01941,0.06
31,740,3408,48,1.7540178960704764,0.38,0.66,0.89,0.01992,0.14
68,836,2071,45,1.6102459373761753,0.32,0.36,0.84,0.01854,0.18
51,1960,2516,38,2.616649648236285,0.48,0.53,0.87,0.0197,0.17
27,9584,8303,50,2.7460444110611557,0.5,0.61,0.86,0.01941,0.11
32,6311,8373,32,2.875439173886027,0.41,0.55,0.88,0.01992,0.18
31,4165,1206,49,1.6390003291150355,0.43,0.62,0.89,0.01992,0.15
42,692,8303,59,2.8323075862777367,0.31,0.62,0.9,0.02027,0.14
47,7856,8374,45,1.912167050634208,0.33,0.65,0.9,0.02027,0.06
51,2747,8288,39,1.5814915456373149,0.39,0.11,0.85,0.0197,0.07
26,7971,8403,30,2.4009917101948326,0.34,0.38,0.88,0.01941,0.13
25,3960,8419,26,2.5878952564974242,0.31,0.19,0.9,0.01941,0.1
17,1516,1623,20,1.7396407002010463,0.45,0.49,0.83,0.01941,0.06
44,3174,8402,50,1.696509112592756,0.37,0.59,0.84,0.02027,0.18
27,7325,8360,35,2.228465359761671,0.48,0.66,0.86,0.01941,0.05
72,6177,8374,23,2.12782498867566,0.37,0.27,0.87,0.01719,0.18
27,1210,8322,23,2.6022724523668543,0.31,0.68,0.85,0.01941,0.07
19,4037,222,57,2.559140864758564,0.43,0.44,0.86,0.01941,0.15
56,953,4444,55,2.659781235844575,0.3,0.7,0.87,0.0197,0.05
40,1252,8288,59,2.3147285349782516,0.44,0.62,0.89,0.02027,0.17
65,4985,8402,47,1.4520967828124436,0.42,0.55,0.88,0.01854,0.17
58,3089,8288,56,2.3578601225865423,0.37,0.31,0.84,0.0197,0.12
45,1838,4523,40,1.4377195869430135,0.34,0.52,0.9,0.02027,0.01
24,5438,212,28,1.9840530299813588,0.4,0.19,0.82,0.01941,0.18
24,2922,8422,22,2.7172900193222955,0.45,0.34,0.86,0.01941,0.17
44,4513,8299,58,2.214088163892241,0.41,0.43,0.87,0.02027,0.03
74,7486,8373,41,1.7108863084621861,0.4,0.14,0.89,0.01719,0.04
46,433,2011,42,2.3434829267171122,0.47,0.23,0.85,0.02027,0.01
38,8112,8374,45,2.846684782147167,0.4,0.47,0.81,0.01992,0.13
28,2424,1968,43,1.6390003291150355,0.49,0.3,0.81,0.01941,0.08
49,4650,1632,30,1.912167050634208,0.36,0.52,0.83,0.02027,0.11
28,28,8299,33,1.5096055662901642,0.49,0.49,0.8,0.01941,0.04
48,2848,8291,34,2.429746101933693,0.35,0.27,0.82,0.02027,0.17
33,4401,6855,52,2.0990705969367998,0.4,0.33,0.88,0.01992,0.09
23,2367,468,33,1.5096055662901642,0.35,0.68,0.8,0.01941,0.18
17,6955,7443,36,2.8035531945388765,0.37,0.59,0.88,0.01941,0.01
43,8567,3408,57,2.616649648236285,0.43,0.19,0.83,0.02027,0.19
25,2823,8373,25,1.9696758341119285,0.37,0.17,0.87,0.01941,0.11
35,7656,8289,35,2.214088163892241,0.48,0.18,0.88,0.01992,0.11
15,1109,288,22,1.6246231332456054,0.45,0.36,0.82,0.01941,0.06
63,6164,2779,59,2.14220218454509,0.4,0.51,0.88,0.01854,0.12
36,4364,8401,22,1.5527371538984547,0.43,0.35,0.88,0.01992,0.05
30,7065,8299,53,2.8323075862777367,0.37,0.4,0.81,0.01992,0.18
27,5706,8359,24,1.6102459373761753,0.32,0.45,0.9,0.01941,0.05
60,5268,8419,20,2.4009917101948326,0.35,0.6,0.83,0.01854,0.09
22,6375,4505,36,2.7747988028000163,0.42,0.68,0.85,0.01941,0.1
55,2480,6855,25,1.8834126588953477,0.36,0.58,0.84,0.0197,0.12
40,7856,8289,21,2.659781235844575,0.31,0.19,0.81,0.02027,0.1
34,5974,8299,58,2.631026844105715,0.45,0.43,0.88,0.01992,0.05
16,3927,4421,45,2.1709565762839507,0.37,0.4,0.9,0.01941,0.12
48,7691,1392,47,1.9840530299813588,0.47,0.37,0.8,0.02027,0.09
20,2367,2140,52,2.0846934010673697,0.38,0.34,0.81,0.01941,0.12
19,5196,1185,20,1.9984302258507889,0.43,0.32,0.9,0.01941,0.04
23,4745,8363,52,2.0703162051979396,0.36,0.26,0.88,0.01941,0.15
34,3191,1632,54,1.9984302258507889,0.35,0.6,0.8,0.01992,0.02
40,1071,8374,31,2.228465359761671,0.36,0.15,0.81,0.02027,0.04
39,7430,1392,33,2.3578601225865423,0.47,0.15,0.83,0.01992,0.1
20,7625,2011,33,2.4872548854114136,0.31,0.68,0.82,0.01941,0.19
33,1312,8322,34,2.3866145143254025,0.42,0.43,0.82,0.01992,0.2
37,66,8321,43,1.466473978681874,0.41,0.54,0.82,0.01992,0.13
32,9432,8401,28,2.4009917101948326,0.45,0.65,0.9,0.01992,0.14
24,5062,4444,23,2.0846934010673697,0.38,0.19,0.87,0.01941,0.0
25,9423,8363,40,2.0271846175896493,0.34,0.48,0.81,0.01941,0.03
46,6828,259,25,2.659781235844575,0.42,0.35,0.84,0.02027,0.1
46,4572,1206,32,1.912167050634208,0.35,0.4,0.86,0.02027,0.19
52,6340,8374,59,2.3578601225865423,0.44,0.45,0.84,0.0197,0.02
42,6475,8288,31,1.8402810712870574,0.38,0.32,0.81,0.02027,0.14
16,5234,1617,25,1.8402810712870574,0.44,0.17,0.9,0.01941,0.15
64,7290,1585,32,2.15657938041452,0.36,0.17,0.85,0.01854,0.01
27,1520,8361,53,1.9409214423730683,0.42,0.61,0.86,0.01941,0.2
34,806,8289,58,2.573518060627994,0.34,0.55,0.82,0.01992,0.07
57,1625,4527,45,2.3147285349782516,0.48,0.29,0.86,0.0197,0.03
32,8883,2071,53,2.875439173886027,0.4,0.12,0.85,0.01992,0.1
27,5560,1392,51,2.12782498867566,0.39,0.18,0.81,0.01941,0.1
37,3595,4444,35,1.9265442465036382,0.4,0.65,0.87,0.01992,0.11
34,9014,8360,49,1.9984302258507889,0.46,0.4,0.87,0.01992,0.06
44,8315,8360,29,2.0559390093285095,0.32,0.36,0.87,0.02027,0.18
56,1006,8423,29,1.5239827621595943,0.45,0.14,0.89,0.0197,0.03
46,9349,3408,56,2.1709565762839507,0.44,0.36,0.81,0.02027,0.08
16,4876,195,28,1.4520967828124436,0.44,0.4,0.84,0.01941,0.0
40,1908,8423,43,2.659781235844575,0.49,0.52,0.84,0.02027,0.15
51,6575,1124,57,1.5671143497678848,0.32,0.43,0.83,0.0197,0.03
17,7874,1341,30,2.242842555631101,0.36,0.31,0.89,0.01941,0.15
27,4927,8289,25,1.9265442465036382,0.41,0.61,0.8,0.01941,0.18
52,5914,8299,24,1.6533775249844656,0.46,0.55,0.8,0.0197,0.08
40,7524,8403,38,1.6677547208538956,0.45,0.59,0.85,0.02027,0.19
32,3397,3410,39,2.875439173886027,0.47,0.59,0.9,0.01992,0.14
46,5720,1392,54,1.5814915456373149,0.5,0.42,0.81,0.02027,0.14
33,6246,4515,38,1.9984302258507889,0.41,0.37,0.85,0.01992,0.09
22,9050,8299,35,2.3578601225865423,0.41,0.38,0.88,0.01941,0.12
38,3992,8374,28,1.595868741506745,0.37,0.49,0.88,0.01992,0.05
48,4485,8365,44,1.7396407002010463,0.3,0.47,0.8,0.02027,0.11
52,9778,2516,35,2.8323075862777367,0.47,0.48,0.89,0.0197,0.15
54,3826,8419,25,1.8834126588953477,0.38,0.48,0.84,0.0197,0.06
24,1309,2516,58,2.5016320812808437,0.42,0.36,0.84,0.01941,0.04
24,8944,8303,51,1.825903875417627,0.34,0.4,0.89,0.01941,0.12
17,9228,7476,41,1.6533775249844656,0.48,0.38,0.85,0.01941,0.01
20,4002,8303,35,2.6885356275834353,0.5,0.23,0.81,0.01941,0.15
64,4060,8401,25,1.9840530299813588,0.46,0.33,0.9,0.01854,0.08
20,2790,8424,31,2.8179303904083066,0.41,0.21,0.88,0.01941,0.15
46,619,1585,28,2.3578601225865423,0.45,0.18,0.86,0.02027,0.11
30,660,8374,38,2.846684782147167,0.4,0.59,0.88,0.01992,0.17
16,6963,2457,43,2.1709565762839507,0.41,0.53,0.88,0.01941,0.18
60,7482,2071,38,1.466473978681874,0.38,0.5,0.84,0.01854,0.08
36,1736,8362,27,1.9984302258507889,0.4,0.22,0.85,0.01992,0.13
50,3255,2779,55,1.4377195869430135,0.44,0.24,0.81,0.0197,0.19
22,4360,8321,54,2.0846934010673697,0.47,0.11,0.9,0.01941,0.07
59,9191,3408,26,2.3147285349782516,0.3,0.17,0.9,0.0197,0.19
32,3980,1206,45,1.8546582671564875,0.39,0.23,0.8,0.01992,0.15
22,5314,1206,27,1.466473978681874,0.42,0.59,0.82,0.01941,0.01
41,3753,1632,32,1.466473978681874,0.33,0.62,0.81,0.02027,0.05
39,1363,8424,28,1.466473978681874,0.35,0.7,0.84,0.01992,0.14
49,3610,8401,55,2.1853337721533808,0.31,0.23,0.87,0.02027,0.02
58,9244,8321,33,1.8402810712870574,0.36,0.27,0.89,0.0197,0.18
72,3287,468,21,1.7827722878093368,0.39,0.52,0.85,0.01719,0.01
28,6056,8299,41,2.4009917101948326,0.43,0.36,0.82,0.01941,0.13
15,3244,1844,24,2.4872548854114136,0.31,0.15,0.81,0.01941,0.16
18,796,7476,34,2.875439173886027,0.45,0.33,0.82,0.01941,0.12
23,223,2011,57,2.329105730847682,0.33,0.19,0.88,0.01941,0.07
23,4889,8374,41,2.631026844105715,0.4,0.66,0.82,0.01941,0.03
18,7779,1617,42,2.4009917101948326,0.35,0.37,0.87,0.01941,0.19
36,7629,4444,20,1.480851174551304,0.44,0.63,0.85,0.01992,0.18
29,1273,8424,34,1.7540178960704764,0.3,0.57,0.8,0.01941,0.09
30,2312,2140,55,2.0559390093285095,0.39,0.44,0.86,0.01992,0.12
62,7088,3408,21,2.4728776895419835,0.43,0.38,0.9,0.01854,0.11
18,9253,1341,40,1.811526679548197,0.43,0.39,0.89,0.01941,0.1
44,2898,2140,20,2.7029128234528654,0.4,0.41,0.82,0.02027,0.08
26,2654,8364,58,1.9552986382424984,0.41,0.38,0.88,0.01941,0.04
22,7659,4527,51,2.242842555631101,0.37,0.2,0.87,0.01941,0.14
21,816,2516,21,2.3434829267171122,0.38,0.22,0.86,0.01941,0.04
54,3212,1632,56,2.4728776895419835,0.33,0.58,0.81,0.0197,0.17
26,9011,8373,40,2.616649648236285,0.35,0.55,0.88,0.01941,0.15
32,6533,8558,43,1.682131916723326,0.34,0.65,0.85,0.01992,0.06
21,3435,2516,53,2.3578601225865423,0.32,0.12,0.89,0.01941,0.15
23,6728,8363,43,2.516009277150274,0.38,0.3,0.9,0.01941,0.05
58,2166,8362,30,1.682131916723326,0.45,0.58,0.89,0.0197,0.07
19,329,241,57,2.6741584317140052,0.47,0.49,0.88,0.01941,0.03
46,4748,8422,24,2.4009917101948326,0.33,0.7,0.81,0.02027,0.03
52,8140,8423,51,2.544763668889134,0.47,0.25,0.83,0.0197,0.06
50,808,8365,57,1.696509112592756,0.36,0.16,0.83,0.0197,0.01
48,1220,8322,20,2.6885356275834353,0.47,0.28,0.8,0.02027,0.12
34,7012,8419,25,1.6390003291150355,0.31,0.26,0.87,0.01992,0.15
38,6441,468,35,2.458500493672553,0.43,0.11,0.88,0.01992,0.11
38,2856,2516,40,2.0271846175896493,0.47,0.51,0.86,0.01992,0.08
43,6145,8374,51,1.4520967828124436,0.46,0.48,0.85,0.02027,0.06
55,1229,2140,55,2.645404039975145,0.31,0.69,0.88,0.0197,0.06
27,2069,1968,46,2.199710968022811,0.43,0.56,0.88,0.01941,0.18
56,743,2516,43,2.559140864758564,0.49,0.61,0.85,0.0197,0.14
24,5996,2158,60,1.6390003291150355,0.39,0.67,0.87,0.01941,0.16
38,2724,8419,31,2.458500493672553,0.42,0.64,0.84,0.01992,0.0
61,5619,1392,33,2.4009917101948326,0.42,0.18,0.8,0.01854,0.12
21,914,2779,48,2.4153689060642627,0.39,0.37,0.86,0.01941,0.05
27,2440,8289,47,2.2859741432393914,0.4,0.48,0.84,0.01941,0.0
16,3046,208,53,2.1709565762839507,0.38,0.52,0.88,0.01941,0.19
29,5730,8288,43,2.530386473019704,0.44,0.57,0.86,0.01941,0.03
18,7399,480,25,2.861061978016597,0.34,0.34,0.85,0.01941,0.17
35,6963,8303,25,2.3578601225865423,0.46,0.27,0.86,0.01992,0.04
28,8308,4515,54,1.682131916723326,0.44,0.36,0.81,0.01941,0.03
43,2637,8374,58,1.7540178960704764,0.41,0.59,0.86,0.02027,0.15
31,5288,2779,51,2.7747988028000163,0.32,0.57,0.85,0.01992,0.13
70,8900,8403,36,1.480851174551304,0.34,0.45,0.82,0.01719,0.13
52,4719,2779,20,2.7029128234528654,0.49,0.39,0.9,0.0197,0.1
46,4257,2011,46,2.6022724523668543,0.46,0.26,0.84,0.02027,0.15
18,564,1843,59,2.6741584317140052,0.42,0.2,0.86,0.01941,0.01
57,9689,4515,38,1.480851174551304,0.47,0.14,0.84,0.0197,0.02
18,9013,4423,47,2.3434829267171122,0.41,0.43,0.88,0.01941,0.14
35,9092,8303,23,1.9409214423730683,0.3,0.58,0.84,0.01992,0.03
27,5488,8362,48,2.573518060627994,0.34,0.48,0.84,0.01941,0.02
27,40,8401,40,2.0703162051979396,0.39,0.23,0.82,0.01941,0.19
45,3549,1968,46,2.12782498867566,0.33,0.52,0.82,0.02027,0.15
43,6237,1585,48,1.5671143497678848,0.37,0.38,0.86,0.02027,0.03
25,3245,8373,54,2.2715969473699613,0.32,0.19,0.84,0.01941,0.06
32,6348,8361,27,2.4728776895419835,0.43,0.6,0.84,0.01992,0.19
51,6069,8401,30,2.429746101933693,0.32,0.66,0.89,0.0197,0.1
29,8094,8373,36,2.7747988028000163,0.48,0.11,0.88,0.01941,0.12
69,7070,8363,44,2.861061978016597,0.4,0.57,0.83,0.01854,0.14
63,8282,1968,32,1.6246231332456054,0.49,0.39,0.89,0.01854,0.17
27,4844,8361,49,2.3578601225865423,0.37,0.58,0.86,0.01941,0.0
29,5678,1206,40,2.875439173886027,0.46,0.6,0.84,0.01941,0.12
52,4490,8403,34,1.5239827621595943,0.32,0.43,0.83,0.0197,0.08
16,1675,60,30,1.9840530299813588,0.32,0.59,0.86,0.01941,0.05
24,175,1392,21,2.11344779280623,0.38,0.7,0.84,0.01941,0.03
62,829,259,53,1.7683950919399067,0.37,0.29,0.8,0.01854,0.11
24,8750,4523,29,2.5878952564974242,0.37,0.51,0.88,0.01941,0.18
59,4167,8401,52,2.6885356275834353,0.38,0.57,0.82,0.0197,0.09
55,6964,8303,25,2.4009917101948326,0.42,0.32,0.81,0.0197,0.18
20,4919,8423,56,1.682131916723326,0.49,0.61,0.9,0.01941,0.15
39,2406,8401,58,2.659781235844575,0.43,0.38,0.89,0.01992,0.15
29,4674,8403,23,2.659781235844575,0.34,0.5,0.89,0.01941,0.04
27,6906,8374,39,2.5016320812808437,0.36,0.61,0.86,0.01941,0.18
15,4691,1341,26,2.6022724523668543,0.41,0.54,0.82,0.01941,0.07
43,110,8374,38,2.4009917101948326,0.37,0.56,0.85,0.02027,0.1
52,3909,8359,53,2.8323075862777367,0.41,0.16,0.88,0.0197,0.14
61,2045,8360,57,2.659781235844575,0.48,0.68,0.9,0.01854,0.05
16,133,222,42,1.8546582671564875,0.33,0.23,0.81,0.01941,0.16
